"Fp1","Fpz","Fp2","F7","F3","Fz","F4","F8","FC5","FC1","FC2","FC6","T7","C3","Cz","C4","T8","CP5","CP1","CP2","CP6","P7","P3","Pz","P4","P8","POz","O1","Oz","O2"
-9.4319375,-1.78583203125,-6.16402734375,-11.500359375,-3.670359375,-2.72721484375,-3.84794140625,-9.0301953125,-7.602125,-2.021796875,-0.723632812500001,-4.6350546875,-6.9784375,-2.39380859375,-0.99677734375,-3.0787578125,-11.580453125,-0.0686875000000002,1.6085625,-1.31014453125,0.44075,-6.22876171875,3.386328125,2.685703125,-13.1431328125,-0.74583984375,1.288,-1.1205703125,1.00221875,0.1358359375
-6.7489375,0.45016796875,-2.38602734375,-4.941359375,1.882640625,3.02578515625,1.78505859375,-2.1891953125,-6.157125,3.584203125,4.2213671875,-0.9440546875,4.1445625,3.19919140625,4.74322265625,2.2892421875,-6.358453125,5.7753125,7.1855625,4.38985546875,6.05475,0.35923828125,9.244328125,8.313703125,-6.3931328125,4.66616015625,6.542,3.7294296875,2.89121875,3.3878359375
-5.1769375,1.80216796875,0.24897265625,0.151640625,6.111640625,7.02978515625,4.70305859375,1.4178046875,-3.654125,7.916203125,8.0273671875,1.6529453125,9.0685625,7.44019140625,9.05922265625,6.2032421875,-3.500453125,10.0333125,11.6345625,8.99785546875,9.60575,5.59423828125,13.831328125,12.934703125,-1.3241328125,7.53116015625,10.907,7.9604296875,5.02021875,5.6668359375
-4.4939375,2.31616796875,1.69397265625,3.472640625,8.796640625,9.22478515625,5.16505859375,1.8758046875,-0.345125,10.772203125,10.6263671875,3.1639453125,7.7955625,10.12419140625,11.76222265625,8.5732421875,-2.821453125,12.5483125,14.7425625,12.32285546875,11.02875,9.28823828125,16.899328125,16.309703125,1.8668671875,7.97016015625,14.181,11.2804296875,7.30221875,6.9818359375
-4.1509375,2.28216796875,2.15997265625,4.983640625,9.954640625,9.97278515625,4.25205859375,0.2318046875,2.898875,12.156203125,12.1263671875,3.8399453125,2.3885625,11.26719140625,12.89722265625,9.5942421875,-3.425453125,13.4533125,16.4325625,14.27585546875,10.76175,11.37223828125,18.363328125,18.289703125,3.3348671875,6.84616015625,16.224,13.2854296875,9.37121875,7.5408359375
-3.6719375,2.04416796875,1.91597265625,4.817640625,9.738640625,9.76178515625,3.14005859375,-2.1551953125,4.899875,12.160203125,12.6073671875,3.9489453125,-4.0054375,10.98619140625,12.59122265625,9.5162421875,-4.302453125,12.9583125,16.6805625,14.76785546875,9.40875,11.76923828125,18.211328125,18.765703125,3.3888671875,5.19616015625,16.91,13.5324296875,10.64621875,7.5178359375
-2.9189375,1.86416796875,1.20497265625,3.281640625,8.454640625,9.02178515625,2.55505859375,-4.1801953125,4.816875,10.991203125,12.1103671875,3.6519453125,-8.4224375,9.52419140625,11.06022265625,8.5652421875,-4.784453125,11.3193125,15.5765625,13.79485546875,7.50475,10.50823828125,16.584328125,17.778703125,2.3828671875,3.74716015625,16.231,11.8174296875,10.61021875,6.9758359375
-2.0699375,1.87516796875,0.27997265625,0.928640625,6.607640625,8.10778515625,2.65705859375,-5.2531953125,2.725875,9.060203125,10.7943671875,3.0369453125,-9.2504375,7.34719140625,8.71822265625,7.0232421875,-4.670453125,8.9363125,13.4645625,11.62685546875,5.47175,7.94823828125,13.909328125,15.671703125,0.7228671875,2.75916015625,14.46,8.4754296875,9.15321875,5.9558359375
-1.4139375,2.09116796875,-0.54802734375,-1.436359375,4.852640625,7.31678515625,3.25105859375,-5.2891953125,-0.277125,6.979203125,9.0563671875,2.1999453125,-6.7974375,5.13619140625,6.19722265625,5.2842421875,-4.059453125,6.4013125,10.9705625,8.87585546875,3.64175,4.80923828125,10.904328125,13.099703125,-1.1431328125,2.16116015625,12.185,4.4114296875,6.71421875,4.6128359375
-1.1629375,2.44916796875,-0.97802734375,-2.953359375,3.794640625,6.86578515625,4.03605859375,-4.5651953125,-2.609125,5.391203125,7.4653671875,1.2919453125,-2.9024375,3.58319140625,4.18022265625,3.7922421875,-3.145453125,4.3773125,8.8245625,6.32985546875,2.22475,1.95823828125,8.376328125,10.820703125,-2.8091328125,1.76416015625,10.137,0.8064296875,4.11321875,3.2508359375
-1.3529375,2.86916796875,-0.86202734375,-3.024359375,3.753640625,6.81778515625,4.75805859375,-3.5491953125,-3.050125,4.720203125,6.5433671875,0.4949453125,0.3015625,3.10319140625,3.14622265625,2.8622421875,-2.119453125,3.3733125,7.5735625,4.62885546875,1.25275,0.0942382812500002,6.922328125,9.390703125,-4.0341328125,1.42716015625,8.903,-1.3355703125,2.18421875,2.2268359375
-1.8229375,3.28316796875,-0.31202734375,-1.594359375,4.619640625,7.04778515625,5.24905859375,-2.7171953125,-1.400125,4.968203125,6.4963671875,-0.0640546875,1.6745625,3.63319140625,3.15222265625,2.5212421875,-1.212453125,3.5333125,7.3385625,3.99085546875,0.55675,-0.47476171875,6.687328125,8.921703125,-4.8111328125,1.08716015625,8.681,-1.5315703125,1.41721875,1.7988359375
-2.2979375,3.61116796875,0.30897265625,0.747640625,5.870640625,7.24278515625,5.38005859375,-2.4121953125,1.430875,5.684203125,7.0653671875,-0.4250546875,1.5135625,4.62319140625,3.78122265625,2.4542421875,-0.761453125,4.5403125,7.7435625,4.12085546875,-0.17425,0.0632382812500003,7.301328125,9.032703125,-5.3611328125,0.69016015625,9.178,0.0144296874999998,1.76021875,1.9618359375
-2.5889375,3.73216796875,0.51197265625,2.940640625,6.752640625,6.98478515625,4.97605859375,-2.7891953125,3.909875,6.131203125,7.5803671875,-0.8410546875,0.9635625,5.24919140625,4.27422265625,2.1282421875,-1.161453125,5.6913125,8.0485625,4.35685546875,-1.26125,1.07823828125,8.001328125,9.006703125,-6.0351328125,0.13316015625,9.693,2.4594296875,2.64421875,2.3858359375
-2.7199375,3.51416796875,-0.10802734375,3.896640625,6.607640625,5.91778515625,3.83705859375,-3.8171953125,4.674875,5.636203125,7.2803671875,-1.6510546875,1.0325625,4.79119140625,3.87922265625,1.0822421875,-2.663453125,6.1793125,7.4845625,4.00785546875,-2.85925,1.75723828125,7.962328125,8.137703125,-7.1321328125,-0.67483984375,9.435,4.6534296875,3.26721875,2.5798359375
-2.8579375,2.92916796875,-1.64702734375,3.044640625,5.205640625,3.99378515625,1.93205859375,-5.2791953125,3.212875,3.961203125,5.7543671875,-2.9960546875,1.9815625,2.99419140625,2.24622265625,-0.7447578125,-5.094453125,5.4943125,5.6585625,2.73685546875,-4.78625,1.53523828125,6.718328125,6.124703125,-8.6671328125,-1.64483984375,7.968,5.6744296875,3.05921875,2.2228359375
-3.1019375,2.13116796875,-3.77402734375,0.652640625,2.899640625,1.59678515625,-0.42094140625,-6.7861953125,0.0628749999999998,1.469203125,3.2513671875,-4.6030546875,3.3375625,0.22819140625,-0.33277734375,-2.8567578125,-7.763453125,3.7143125,2.8145625,0.77285546875,-6.48725,0.43523828125,4.441328125,3.301703125,-10.2541328125,-2.37983984375,5.518,5.3154296875,2.05021875,1.4648359375
-3.3969375,1.41016796875,-5.86302734375,-2.317359375,0.456640625,-0.60121484375,-2.60794140625,-7.8811953125,-3.532125,-1.046796875,0.600367187499999,-5.8420546875,4.2315625,-2.68480859375,-3.03977734375,-4.3947578125,-9.695453125,1.4683125,-0.251437500000001,-1.20114453125,-7.22525,-0.94776171875,1.873328125,0.513703125,-11.2341328125,-2.28983984375,2.908,4.1574296875,0.86021875,0.8988359375
-3.6409375,1.03216796875,-7.30202734375,-4.738359375,-1.332359375,-2.00621484375,-4.03594140625,-8.2311953125,-6.275125,-2.782796875,-1.2356328125,-6.0870546875,3.7895625,-4.88280859375,-4.94277734375,-4.5947578125,-10.119453125,-0.4166875,-2.5944375,-2.42314453125,-6.44625,-1.82676171875,-0.0746718749999999,-1.312296875,-11.0201328125,-0.92583984375,1.122,3.2004296875,0.29921875,1.1878359375
-3.8059375,1.08316796875,-7.78302734375,-5.870359375,-2.037359375,-2.43521484375,-4.44794140625,-7.7621953125,-7.378125,-3.334796875,-1.6606328125,-5.1220546875,1.5045625,-5.87480859375,-5.48477734375,-3.2487578125,-8.898453125,-1.3696875,-3.5804375,-2.47314453125,-4.13225,-1.68776171875,-0.808671875,-1.649296875,-9.4471328125,1.68416015625,0.782,3.2934296875,0.86921875,2.6078359375
-3.9219375,1.44816796875,-7.36802734375,-5.618359375,-1.740359375,-2.15621484375,-3.98994140625,-6.6301953125,-6.793125,-2.858796875,-0.7116328125,-3.2930546875,-2.4344375,-5.72080859375,-4.73577734375,-0.8447578125,-6.591453125,-1.3556875,-3.1454375,-1.47214453125,-0.88825,-0.53876171875,-0.325671875,-0.609296875,-6.9031328125,4.94716015625,1.858,4.7164296875,2.49321875,4.8118359375
-3.9759375,1.92216796875,-6.36002734375,-4.404359375,-0.903359375,-1.65021484375,-3.03694140625,-5.0631953125,-5.082125,-1.913796875,1.0573671875,-1.2990546875,-7.0004375,-4.91680859375,-3.29877734375,1.6832421875,-4.095453125,-0.8346875,-1.7384375,0.0248554687500002,2.26775,1.11723828125,0.843328124999999,1.158703125,-4.1691328125,7.92316015625,3.736,7.0684296875,4.56121875,6.9688359375
-3.9029375,2.36216796875,-5.13002734375,-2.826359375,-0.0863593749999998,-1.30321484375,-1.99694140625,-3.2721953125,-3.093125,-1.126796875,2.8963671875,0.1989453125,-10.6254375,-4.08580859375,-1.93877734375,3.4392421875,-2.105453125,-0.4796875,-0.0364375000000008,1.36185546875,4.34075,2.50223828125,1.947328125,2.834703125,-2.0751328125,9.71016015625,5.554,9.4604296875,6.21721875,8.1518359375
-3.6529375,2.76016796875,-4.00202734375,-1.334359375,0.326640625,-1.21421484375,-1.18194140625,-1.4701953125,-1.593125,-0.874796875,4.2123671875,0.9009453125,-11.9094375,-3.66080859375,-1.17177734375,3.9912421875,-0.754453125,-0.8046875,1.3935625,2.12785546875,4.78675,2.87823828125,2.405328125,3.825703125,-1.1301328125,9.83216015625,6.611,10.8874296875,6.73521875,7.7938359375
-3.2389375,3.19616796875,-3.20402734375,-0.090359375,0.253640625,-1.21621484375,-0.75194140625,0.0758046875000007,-1.011125,-1.159796875,4.7683671875,0.9339453125,-10.3844375,-3.70880859375,-1.04977734375,3.5122421875,0.326546875,-1.8926875,2.3055625,2.32285546875,3.72675,1.83323828125,2.049328125,3.997703125,-1.3201328125,8.41816015625,6.664,10.6544296875,5.82621875,5.9848359375
-2.7509375,3.72516796875,-2.84002734375,0.942640625,-0.136359375,-1.06521484375,-0.70994140625,1.0648046875,-1.350125,-1.715796875,4.6743671875,0.6759453125,-6.8434375,-3.96980859375,-1.25977734375,2.5852421875,1.558546875,-3.3696875,2.7775625,2.25285546875,1.80875,-0.52776171875,1.130328125,3.637703125,-2.1841328125,6.10116015625,5.965,8.6764296875,3.76821875,3.4208359375
-2.3299375,4.28416796875,-2.89302734375,1.806640625,-0.589359375,-0.65321484375,-0.97294140625,1.2558046875,-2.274125,-2.223796875,4.2113671875,0.4649453125,-2.9324375,-4.06880859375,-1.40677734375,1.8132421875,2.934546875,-4.6026875,3.0345625,2.26185546875,-0.16725,-3.59176171875,0.114328125,3.196703125,-3.1271328125,3.65616015625,5.061,5.5324296875,1.27321875,1.0498359375
-2.1169375,4.71416796875,-3.24602734375,2.452640625,-0.899359375,-0.10521484375,-1.44494140625,0.5818046875,-3.292125,-2.480796875,3.6353671875,0.3889453125,-0.2074375,-3.73880859375,-1.27677734375,1.5062421875,3.890546875,-5.0236875,3.2605625,2.49685546875,-1.63625,-6.43576171875,-0.565671875,3.015703125,-3.7621328125,1.63816015625,4.486,2.2484296875,-0.79978125,-0.3911640625
-2.1559375,4.86216796875,-3.72002734375,2.815640625,-0.956359375,0.32578515625,-2.02694140625,-0.7861953125,-3.957125,-2.430796875,3.0823671875,0.2979453125,0.7495625,-2.93280859375,-0.89777734375,1.6042421875,3.637546875,-4.3886875,3.5155625,2.86285546875,-2.43625,-8.14776171875,-0.672671875000001,3.184703125,-4.0641328125,0.22216015625,4.534,-0.1035703125,-1.78178125,-0.6741640625
-2.3389375,4.69216796875,-4.11002734375,2.943640625,-0.719359375,0.45578515625,-2.58194140625,-2.4881953125,-4.020125,-2.078796875,2.6063671875,0.00594531250000008,0.5555625,-1.80580859375,-0.41977734375,1.8482421875,1.724546875,-2.8566875,3.7795625,3.15685546875,-2.72225,-8.16676171875,-0.199671875,3.593703125,-4.2711328125,-0.68983984375,5.206,-0.8115703125,-1.42278125,-0.0681640624999997
-2.4799375,4.33916796875,-4.26102734375,2.986640625,-0.165359375,0.32078515625,-2.93994140625,-4.1141953125,-3.487125,-1.416796875,2.2763671875,-0.4920546875,0.4655625,-0.59480859375,0.0512226562500002,2.0242421875,-1.535453125,-0.8796875,4.0345625,3.24585546875,-2.74825,-6.48076171875,0.705328124999999,4.070703125,-4.6521328125,-1.24583984375,6.295,0.2184296875,0.0602187499999998,0.9128359375
-2.4549375,4.05116796875,-4.13702734375,3.054640625,0.710640625,0.16178515625,-2.94094140625,-5.3431953125,-2.568125,-0.416796875,2.2263671875,-0.9420546875,1.4175625,0.49319140625,0.53422265625,2.1212421875,-5.067453125,1.0113125,4.3175625,3.16685546875,-2.68425,-3.64576171875,1.823328125,4.506703125,-5.3101328125,-1.44483984375,7.512,2.4634296875,2.09921875,1.8388359375
-2.2619375,4.06716796875,-3.85402734375,3.092640625,1.849640625,0.29178515625,-2.48094140625,-6.0081953125,-1.569125,0.892203125,2.6203671875,-0.9870546875,3.3085625,1.33019140625,1.11922265625,2.3062421875,-7.511453125,2.3823125,4.6865625,3.08285546875,-2.55325,-0.62576171875,2.904328125,4.869703125,-6.1381328125,-1.11383984375,8.566,4.9814296875,3.96921875,2.5148359375
-1.9529375,4.49316796875,-3.61702734375,2.937640625,3.093640625,0.93378515625,-1.49794140625,-6.0551953125,-0.768125,2.362203125,3.5463671875,-0.4080546875,4.9915625,1.86019140625,1.86222265625,2.7822421875,-7.920453125,2.9793125,5.1675625,3.17185546875,-2.27725,1.51723828125,3.688328125,5.147703125,-6.9051328125,-0.0568398437500002,9.203,6.7364296875,5.01021875,2.9258359375
-1.5519375,5.26316796875,-3.60102734375,2.515640625,4.231640625,2.11978515625,0.01605859375,-5.4791953125,-0.308125,3.772203125,4.9583671875,0.7269453125,5.0205625,2.10619140625,2.73922265625,3.6652421875,-6.232453125,2.7853125,5.7285625,3.54385546875,-1.77325,2.06423828125,3.984328125,5.326703125,-7.3671328125,1.73516015625,9.261,7.0064296875,4.83821875,3.0848359375
-1.0489375,6.20416796875,-3.83102734375,2.024640625,5.125640625,3.71378515625,1.97205859375,-4.2991953125,-0.104125,4.979203125,6.6903671875,2.1249453125,2.6575625,2.21019140625,3.72222265625,4.9572421875,-3.200453125,2.0483125,6.3385625,4.24685546875,-1.01025,1.02623828125,3.806328125,5.437703125,-7.3281328125,3.99616015625,8.769,5.7204296875,3.51821875,2.9668359375
-0.4269375,7.14316796875,-4.12202734375,1.922640625,5.828640625,5.51178515625,4.14305859375,-2.5661953125,0.180875,6.037203125,8.5483671875,3.4799453125,-1.5144375,2.44719140625,4.86422265625,6.5922421875,0.133546875,1.2473125,7.0245625,5.30785546875,-0.00624999999999987,-0.77976171875,3.445328125,5.620703125,-6.6431328125,6.27416015625,7.998,3.5384296875,1.58421875,2.5678359375
0.3470625,7.97016796875,-4.12902734375,2.672640625,6.569640625,7.34878515625,6.20805859375,-0.3871953125,0.987875,7.176203125,10.3743671875,4.6569453125,-5.7844375,3.12819140625,6.28022265625,8.4722421875,3.024546875,0.9093125,7.8695625,6.73085546875,1.19475,-2.12476171875,3.353328125,6.088703125,-5.2441328125,8.15216015625,7.378,1.5364296875,-0.16678125,1.9898359375
1.2900625,8.61916796875,-3.51102734375,4.382640625,7.584640625,9.11778515625,7.83105859375,2.0048046875,2.570875,8.606203125,12.0373671875,5.7059453125,-8.1654375,4.38519140625,8.01022265625,10.4412421875,5.243546875,1.3433125,8.9115625,8.41485546875,2.52475,-2.03576171875,3.880328125,6.977703125,-3.2091328125,9.39316015625,7.29,0.6644296875,-1.04078125,1.4248359375
2.3240625,9.01116796875,-2.17202734375,6.623640625,8.906640625,10.70278515625,8.72205859375,4.1838046875,4.726875,10.319203125,13.3803671875,6.7369453125,-7.4064375,6.01319140625,9.88222265625,12.2352421875,6.888546875,2.4623125,10.0495625,10.09485546875,3.84975,-0.31276171875,5.045328125,8.191703125,-0.8391328125,9.92616015625,7.847,1.2954296875,-0.75978125,1.0378359375
3.2380625,9.04516796875,-0.40502734375,8.592640625,10.282640625,11.91478515625,8.68905859375,5.5718046875,6.770875,12.019203125,14.1823671875,7.7479453125,-3.5524375,7.48619140625,11.49622265625,13.4902421875,8.029546875,3.8273125,11.0275625,11.36585546875,4.94375,2.42823828125,6.512328125,9.378703125,1.3498671875,9.71616015625,8.819,3.1104296875,0.46421875,0.8368359375
3.7770625,8.64116796875,1.18197265625,9.541640625,11.276640625,12.53678515625,7.72305859375,5.6538046875,7.827875,13.244203125,14.2263671875,8.5449453125,2.1695625,8.18119140625,12.36722265625,13.8492421875,8.522546875,4.8593125,11.5305625,11.81585546875,5.52675,5.14223828125,7.750328125,10.054703125,2.7558671875,8.66116015625,9.727,5.3254296875,2.08721875,0.6188359375
3.8240625,7.81816796875,1.94697265625,9.169640625,11.489640625,12.42778515625,6.06105859375,4.2508046875,7.305875,13.590203125,13.4243671875,8.7989453125,7.9625625,7.67019140625,12.13122265625,13.1312421875,8.091546875,5.0913125,11.3125625,11.20285546875,5.36275,6.88523828125,8.276328125,9.814703125,2.8918671875,6.64316015625,10.067,7.0634296875,3.50421875,0.0658359375000002
3.4730625,6.72816796875,1.52597265625,7.734640625,10.781640625,11.63778515625,4.15805859375,1.6758046875,5.243875,12.925203125,11.9313671875,8.2239453125,12.1105625,5.94119140625,10.73922265625,11.4662421875,6.567546875,4.3373125,10.3165625,9.57985546875,4.39475,7.16823828125,7.839328125,8.532703125,1.5868671875,3.70716015625,9.539,7.6874296875,4.26921875,-1.0591640625
2.9820625,5.62616796875,0.00297265624999987,5.877640625,9.376640625,10.44178515625,2.56705859375,-1.3151953125,2.349875,11.487203125,10.1633671875,6.7809453125,13.4285625,3.44819140625,8.53022265625,9.3172421875,4.118546875,2.7443125,8.7355625,7.32485546875,2.83175,6.03223828125,6.509328125,6.450703125,-0.9011328125,0.22916015625,8.187,6.9734296875,4.21721875,-2.7151640625
2.6730625,4.77616796875,-2.12902734375,4.350640625,7.803640625,9.28178515625,1.78405859375,-3.7551953125,-0.288125,9.816203125,8.6763671875,4.7749453125,11.5145625,0.97719140625,6.15022265625,7.3352421875,1.283546875,0.7503125,7.0005625,5.02885546875,1.12775,3.93723828125,4.663328125,4.121703125,-3.9121328125,-3.07483984375,6.405,5.1654296875,3.50721875,-4.4971640625
2.8200625,4.35416796875,-4.19302734375,3.777640625,6.684640625,8.60378515625,2.07905859375,-4.7911953125,-1.666125,8.526203125,7.9513671875,2.7639453125,6.9055625,-0.65580859375,4.31222265625,6.1012421875,-1.199453125,-1.0356875,5.6475625,3.29485546875,-0.16725,1.59623828125,2.875328125,2.211703125,-6.5831328125,-5.37283984375,4.791,2.9214296875,2.57921875,-5.7511640625
3.5150625,4.36616796875,-5.62102734375,4.450640625,6.433640625,8.61778515625,3.31205859375,-4.0351953125,-1.315125,7.997203125,8.1313671875,1.2829453125,1.0605625,-0.95380859375,3.47122265625,5.8442421875,-2.706453125,-2.0506875,5.0845625,2.47285546875,-0.66725,-0.21576171875,1.708328125,1.210703125,-8.1921328125,-6.09083984375,3.882,1.1004296875,1.98521875,-5.8881640625
4.5700625,4.64416796875,-6.20102734375,6.192640625,7.019640625,9.12978515625,4.87305859375,-1.7751953125,0.476875,8.152203125,8.8773671875,0.5459453125,-4.0134375,-0.01080859375,3.57922265625,6.3032421875,-3.005453125,-2.0326875,5.3445625,2.48985546875,-0.37425,-0.89876171875,1.464328125,1.207703125,-8.4851328125,-5.26383984375,3.876,0.4014296875,2.07721875,-4.7651640625
5.6040625,4.92216796875,-6.12302734375,8.374640625,7.956640625,9.60078515625,5.91205859375,1.1008046875,2.795875,8.478203125,9.4883671875,0.3469453125,-6.4984375,1.50519140625,4.09822265625,6.8502421875,-2.332453125,-1.1516875,6.0305625,2.88285546875,0.30375,-0.25976171875,2.027328125,1.849703125,-7.7671328125,-3.56383984375,4.51,0.9904296875,2.77421875,-2.8451640625
6.2870625,4.97216796875,-5.79702734375,10.159640625,8.554640625,9.45578515625,5.82105859375,3.4968046875,4.562875,8.322203125,9.2723671875,0.2519453125,-5.5884375,2.69019140625,4.30422265625,6.8552421875,-1.192453125,0.0933124999999997,6.5405625,3.08185546875,0.82275,1.42023828125,2.946328125,2.576703125,-6.6451328125,-1.91883984375,5.223,2.4304296875,3.61721875,-0.9561640625
6.5350625,4.72416796875,-5.57402734375,10.868640625,8.287640625,8.41878515625,4.60805859375,4.5888046875,5.036875,7.270203125,7.9393671875,-0.0690546875,-1.9104375,2.86319140625,3.69622265625,6.0662421875,-0.0624531250000002,1.1593125,6.4225625,2.76085546875,0.86475,3.55323828125,3.712328125,2.967703125,-5.6231328125,-0.98783984375,5.516,3.9824296875,4.13021875,0.2138359375
6.4740625,4.26916796875,-5.56602734375,10.243640625,7.024640625,6.63578515625,2.85205859375,4.1248046875,4.059875,5.332203125,5.7303671875,-0.6430546875,2.8095625,1.84419140625,2.23122265625,4.7192421875,0.784546875,1.7193125,5.6015625,1.99985546875,0.51175,5.54323828125,4.019328125,2.946703125,-4.8491328125,-0.87483984375,5.236,5.0634296875,4.16321875,0.4918359375
6.2750625,3.77616796875,-5.64002734375,8.460640625,4.996640625,4.52078515625,1.31505859375,2.4068046875,1.953875,2.857203125,3.2183671875,-1.2660546875,6.7105625,-0.0868085937500001,0.24822265625,3.3172421875,1.263546875,1.7233125,4.3405625,1.15085546875,0.10275,7.01523828125,3.844328125,2.705703125,-4.1701328125,-1.23183984375,4.605,5.5314296875,3.96821875,0.2178359375
6.0260625,3.35716796875,-5.54502734375,5.949640625,2.590640625,2.47978515625,0.49205859375,0.0418046875,-0.772125,0.263203125,0.965367187499999,-1.7390546875,8.7245625,-2.45080859375,-1.81577734375,2.2742421875,1.371546875,1.2933125,3.0205625,0.541855468750001,-0.05925,7.86723828125,3.344328125,2.479703125,-3.3781328125,-1.57183984375,4.021,5.6414296875,3.99821875,-0.0341640624999999
5.7150625,2.99016796875,-5.08402734375,3.165640625,0.131640625,0.70778515625,0.38405859375,-2.3511953125,-3.676125,-2.173796875,-0.726632812500001,-2.0500546875,8.8535625,-4.81780859375,-3.67977734375,1.6862421875,1.122546875,0.5783125,1.9265625,0.26185546875,0.08775,8.16723828125,2.707328125,2.360703125,-2.4061328125,-1.53483984375,3.814,5.7834296875,4.61221875,0.2128359375
5.2400625,2.53916796875,-4.25102734375,0.439640625,-2.194359375,-0.83921484375,0.55105859375,-4.3211953125,-6.441125,-4.360796875,-1.8566328125,-2.3730546875,7.7115625,-6.90080859375,-5.28377734375,1.3592421875,0.550546875,-0.2896875,1.1785625,0.15185546875,0.34775,8.05223828125,2.081328125,2.285703125,-1.3751328125,-1.01883984375,4.117,6.2094296875,5.87521875,1.1278359375
4.4780625,1.85716796875,-3.25902734375,-2.005359375,-4.274359375,-2.30021484375,0.42105859375,-5.5851953125,-8.786125,-6.256796875,-2.5716328125,-2.8950546875,5.8475625,-8.49580859375,-6.66877734375,1.0152421875,-0.283453125,-1.1376875,0.7975625,-0.0361445312499997,0.41675,7.68723828125,1.602328125,2.159703125,-0.4901328125,-0.18083984375,4.885,6.9284296875,7.53121875,2.5078359375
3.4190625,0.91016796875,-2.44002734375,-3.927359375,-5.938359375,-3.69621484375,-0.29594140625,-5.9201953125,-10.358125,-7.723796875,-2.9656328125,-3.6090546875,3.4035625,-9.38480859375,-7.79477734375,0.5202421875,-1.284453125,-1.7026875,0.830562499999999,-0.43814453125,0.07575,7.27723828125,1.445328125,1.979703125,0.1018671875,0.67616015625,5.994,7.7724296875,9.14521875,3.8638359375
2.2670625,-0.15383203125,-2.07002734375,-4.968359375,-6.913359375,-4.83221484375,-1.37494140625,-5.1351953125,-10.760125,-8.497796875,-2.9726328125,-4.2450546875,0.2625625,-9.33580859375,-8.47077734375,-0.0327578125000003,-2.351453125,-1.6856875,1.3735625,-0.98614453125,-0.67325,7.01923828125,1.794328125,1.857703125,0.4118671875,1.27216015625,7.316,8.5364296875,10.31321875,4.6298359375
1.3930625,-1.05383203125,-2.22202734375,-4.726359375,-6.922359375,-5.38621484375,-2.20594140625,-3.2081953125,-9.730125,-8.305796875,-2.4416328125,-4.4040546875,-3.4884375,-8.23280859375,-8.46777734375,-0.4067578125,-3.392453125,-0.9326875,2.4685625,-1.48414453125,-1.62325,6.96923828125,2.722328125,1.922703125,0.5788671875,1.49916015625,8.7,9.0544296875,10.82621875,4.3948359375
1.1420625,-1.48883203125,-2.70202734375,-2.963359375,-5.862359375,-5.11721484375,-2.19194140625,-0.4451953125,-7.360125,-7.064796875,-1.2946328125,-3.8060546875,-7.1764375,-6.20980859375,-7.69277734375,-0.3797578125,-4.261453125,0.4303125,3.9845625,-1.73114453125,-2.46025,6.95223828125,4.079328125,2.220703125,0.7928671875,1.49816015625,9.94,9.2234296875,10.74721875,3.1058359375
1.6710625,-1.25583203125,-3.07202734375,0.178640625,-3.920359375,-3.99921484375,-1.10494140625,2.5508046875,-4.153125,-4.988796875,0.370367187499999,-2.4500546875,-9.5044375,-3.65780859375,-6.28477734375,0.1482421875,-4.646453125,2.0283125,5.6185625,-1.61214453125,-2.86125,6.64623828125,5.519328125,2.697703125,1.2398671875,1.65216015625,10.829,9.0084296875,10.40021875,1.1698359375
2.8990625,-0.33783203125,-2.80002734375,4.090640625,-1.576359375,-2.25421484375,0.80405859375,5.1088046875,-0.915125,-2.568796875,2.2733671875,-0.6110546875,-9.0324375,-1.11280859375,-4.58977734375,1.1232421875,-4.050453125,3.4093125,7.0135625,-1.11814453125,-2.59225,5.77823828125,6.639328125,3.264703125,2.0758671875,2.47216015625,11.265,8.4624296875,10.22921875,-0.6371640625
4.4810625,1.06116796875,-1.51402734375,7.790640625,0.493640625,-0.32521484375,2.90005859375,6.7178046875,1.453875,-0.463796875,4.0053671875,1.2709453125,-4.9814375,0.87019140625,-3.06977734375,2.3282421875,-2.047453125,4.1913125,7.8575625,-0.37914453125,-1.63425,4.26923828125,7.093328125,3.795703125,3.3298671875,4.32516015625,11.255,7.6564296875,10.52221875,-1.5371640625
5.8420625,2.55016796875,0.73497265625,10.206640625,1.608640625,1.20278515625,4.40505859375,7.1328046875,2.189875,0.687203125,5.1193671875,2.7199453125,2.1225625,1.81019140625,-2.20177734375,3.3792421875,1.303546875,4.1133125,7.9045625,0.31085546875,-0.30125,2.21923828125,6.634328125,4.084703125,4.7688671875,7.10616015625,10.816,6.5734296875,11.13321875,-1.2131640625
6.3790625,3.68416796875,3.40097265625,10.601640625,1.358640625,1.80778515625,4.71905859375,6.3928046875,0.944875,0.509203125,5.2803671875,3.3489453125,10.4495625,1.44819140625,-2.32177734375,3.8412421875,5.221546875,3.0603125,7.0185625,0.561855468750001,0.82875,-0.15476171875,5.150328125,3.843703125,5.9028671875,10.14916015625,9.875,5.0954296875,11.49621875,-0.0321640624999997
5.8010625,4.15216796875,5.66697265625,8.929640625,-0.148359375,1.30978515625,3.72805859375,4.8428046875,-1.948125,-0.873796875,4.4413671875,2.9889453125,17.5435625,-0.0818085937499999,-3.44477734375,3.4312421875,8.456546875,1.1473125,5.2775625,0.0848554687500007,1.17475,-2.53076171875,2.757328125,2.853703125,6.1958671875,12.50316015625,8.33,3.1594296875,10.97421875,1.1588359375
4.3350625,3.90216796875,6.83197265625,5.892640625,-2.236359375,0.0367851562500001,1.86205859375,3.0768046875,-5.437125,-2.792796875,2.9223671875,1.7699453125,21.2925625,-2.17580859375,-5.17177734375,2.2182421875,9.931546875,-1.2156875,3.0665625,-1.10614453125,0.46875,-4.47476171875,-0.124671875000001,1.147703125,5.3748671875,13.43216015625,6.195,0.9344296875,9.27821875,1.5218359375
2.6140625,3.15116796875,6.66097265625,2.616640625,-3.909359375,-1.28821484375,-0.11494140625,1.7438046875,-8.070125,-4.266796875,1.3203671875,0.0969453125,20.7105625,-3.92280859375,-6.78477734375,0.6382421875,9.353546875,-3.3696875,1.0265625,-2.63914453125,-1.09625,-5.52976171875,-2.833671875,-0.909296875000001,3.6098671875,12.80716015625,3.707,-1.1555703125,6.65821875,0.6638359375
1.3270625,2.27416796875,5.49697265625,0.181640625,-4.267359375,-1.87821484375,-1.43394140625,1.2968046875,-8.596125,-4.406796875,0.302367187499999,-1.4740546875,16.2355625,-4.45580859375,-7.51377734375,-0.6667578125,7.357546875,-4.6076875,-0.139437500000001,-3.92114453125,-2.96025,-5.35276171875,-4.661671875,-2.717296875,1.4738671875,11.14716015625,1.301,-2.5755703125,3.78221875,-1.1951640625
0.9370625,1.65016796875,4.12197265625,-0.718359375,-2.885359375,-1.20621484375,-1.54194140625,1.8478046875,-6.533125,-2.801796875,0.403367187499999,-2.4020546875,9.5495625,-3.31780859375,-6.83177734375,-1.0977578125,5.117546875,-4.4386875,0.0795624999999998,-4.36914453125,-4.45225,-3.85476171875,-5.090671875,-3.664296875,-0.2741328125,9.34116015625,-0.515000000000001,-2.8735703125,1.46521875,-3.3421640625
1.5700625,1.55216796875,3.42197265625,0.128640625,0.0556406250000001,0.81578515625,-0.21194140625,3.2118046875,-2.387125,0.338203125,1.8793671875,-2.3150546875,3.0425625,-0.63980859375,-4.64477734375,-0.3017578125,3.729546875,-2.7686875,1.8135625,-3.62114453125,-5.04325,-1.24376171875,-3.957671875,-3.334296875,-0.9501328125,8.27616015625,-1.315,-1.8395703125,0.41121875,-4.8401640625
3.0330625,2.08416796875,4.00197265625,2.510640625,3.879640625,3.84478515625,2.38705859375,5.0328046875,2.566875,4.280203125,4.6193671875,-1.1100546875,-0.9654375,2.93519140625,-1.32077734375,1.7362421875,3.720546875,0.0613124999999997,4.7405625,-1.66514453125,-4.51425,2.02123828125,-1.494671875,-1.655296875,-0.1571328125,8.53116015625,-0.885999999999999,0.4344296875,1.02621875,-4.8741640625
4.8810625,3.13716796875,5.91997265625,5.862640625,7.669640625,7.22378515625,5.66205859375,6.8748046875,6.812875,8.034203125,8.1083671875,0.9749453125,-1.1234375,6.49019140625,2.40222265625,4.6562421875,4.863546875,3.3713125,8.1465625,1.12385546875,-3.03525,5.33123828125,1.726328125,1.051703125,2.0578671875,10.20116015625,0.678,3.5514296875,3.27721875,-3.0761640625
6.5440625,4.36616796875,8.62797265625,9.320640625,10.525640625,10.13278515625,8.71105859375,8.2468046875,9.160875,10.634203125,11.4723671875,3.3569453125,2.2395625,9.11419140625,5.57722265625,7.7492421875,6.325546875,6.3143125,11.0915625,4.01485546875,-1.15125,8.04723828125,4.908328125,4.087703125,5.1458671875,12.81516015625,2.927,6.8624296875,6.62021875,0.2158359375
7.4860625,5.26016796875,11.17797265625,11.869640625,11.783640625,11.79078515625,10.61105859375,8.6618046875,9.113875,11.402203125,13.7003671875,5.2269453125,7.1055625,10.16719140625,7.29322265625,10.0922421875,7.088546875,8.1143125,12.6775625,6.09585546875,0.36275,9.64923828125,7.236328125,6.530703125,8.1768671875,15.42616015625,5.124,9.6014296875,10.07221875,3.9558359375
7.3720625,5.34716796875,12.59897265625,12.652640625,11.206640625,11.70778515625,10.77005859375,7.7778046875,6.958875,10.176203125,14.0263671875,5.8499453125,10.7705625,9.49019140625,7.00922265625,10.8512421875,6.478546875,8.3593125,12.3985625,6.60285546875,0.80475,9.90723828125,8.164328125,7.577703125,10.1768671875,16.97216015625,6.51,11.1484296875,12.52921875,6.7528359375
6.2050625,4.45716796875,12.31397265625,11.361640625,9.121640625,9.92878515625,9.19005859375,5.6128046875,3.597875,7.434203125,12.3063671875,4.9329453125,11.4005625,7.51119140625,4.84722265625,9.6562421875,4.533546875,7.2253125,10.4095625,5.31485546875,-0.08525,9.03123828125,7.694328125,6.939703125,10.5758671875,16.78416015625,6.672,11.3264296875,13.24521875,7.5298359375
4.3750625,2.84516796875,10.41897265625,8.439640625,6.340640625,7.09078515625,6.49005859375,2.6548046875,0.196875,4.156203125,9.1463671875,2.8129453125,9.0715625,5.09919140625,1.61922265625,6.8342421875,1.970546875,5.4653125,7.5275625,2.71885546875,-1.95125,7.66623828125,6.417328125,5.036703125,9.4868671875,14.95816015625,5.775,10.5524296875,12.20521875,6.0828359375
2.5120625,1.04316796875,7.64297265625,4.922640625,3.835640625,4.17678515625,3.61805859375,-0.2581953125,-2.239125,1.413203125,5.6393671875,0.2789453125,5.5205625,3.18119140625,-1.51877734375,3.2772421875,-0.247453125,4.0633125,4.8705625,-0.19514453125,-4.00525,6.63223828125,5.217328125,2.784703125,7.6218671875,12.28316015625,4.452,9.6514296875,10.11721875,3.1798359375
1.1700625,-0.43283203125,4.97397265625,1.964640625,2.296640625,2.04278515625,1.35305859375,-2.3061953125,-3.238125,-0.126796875,2.8343671875,-1.8650546875,2.8375625,2.28319140625,-3.62277734375,0.0282421874999996,-1.429453125,3.7103125,3.3055625,-2.44014453125,-5.46425,6.49923828125,4.767328125,1.094703125,5.8868671875,9.78716015625,3.391,9.3844296875,8.00121875,0.1128359375
0.5360625,-1.32083203125,3.17697265625,0.352640625,1.875640625,1.03478515625,-0.0629414062500001,-3.0721953125,-2.952125,-0.437796875,1.2943671875,-3.1850546875,2.1455625,2.32119140625,-4.35077734375,-2.1527578125,-1.400453125,4.4413125,3.0695625,-3.46414453125,-5.92925,7.26123828125,5.184328125,0.429703125,4.9378671875,8.23816015625,2.942,10.0114296875,6.66521875,-1.9611640625
0.4140625,-1.61683203125,2.53097265625,0.326640625,2.293640625,0.97678515625,-0.87094140625,-2.6641953125,-1.895125,0.029203125,1.0023671875,-3.6760546875,3.1775625,2.79219140625,-3.93677734375,-2.9527578125,-0.357453125,5.7003125,3.8055625,-3.24914453125,-5.42625,8.37623828125,6.069328125,0.726703125,5.0118671875,7.94716015625,3.042,11.2034296875,6.42621875,-2.4471640625
0.5030625,-1.42683203125,2.91597265625,1.709640625,3.161640625,1.48178515625,-1.38594140625,-1.5221953125,-0.543125,0.762203125,1.6003671875,-3.5180546875,4.8305625,3.20719140625,-2.85977734375,-2.4047578125,1.407546875,6.7533125,4.9255625,-2.08414453125,-4.18325,9.14623828125,6.876328125,1.647703125,6.0118671875,8.89016015625,3.442,12.3354296875,7.18721875,-1.3341640625
0.6360625,-0.85983203125,4.03697265625,4.097640625,4.201640625,2.24178515625,-1.67294140625,-0.1591953125,0.862875,1.472203125,2.6503671875,-2.8580546875,6.0585625,3.36919140625,-1.54177734375,-0.7547578125,3.610546875,7.1153125,5.9535625,-0.33714453125,-2.44625,9.15223828125,7.267328125,2.846703125,7.6418671875,10.84516015625,3.947,12.8854296875,8.63621875,0.9608359375
0.7870625,-0.0528320312500001,5.54897265625,6.902640625,5.174640625,3.03378515625,-1.62394140625,0.9438046875,2.140875,2.036203125,3.7163671875,-1.8300546875,6.4295625,3.30419140625,-0.29877734375,1.5452421875,5.836546875,6.6723125,6.5885625,1.57685546875,-0.50825,8.41923828125,7.169328125,4.021703125,9.4308671875,13.36516015625,4.434,12.6344296875,10.35821875,3.7208359375
0.9120625,0.73916796875,7.02697265625,9.338640625,5.699640625,3.54178515625,-1.27694140625,1.3458046875,2.886875,2.261203125,4.3043671875,-0.7240546875,6.0605625,2.98719140625,0.53522265625,3.7862421875,7.414546875,5.5243125,6.5835625,3.11785546875,1.16475,7.23323828125,6.599328125,4.814703125,10.7308671875,15.71516015625,4.719,11.5944296875,11.85021875,6.0408359375
0.8670625,1.14916796875,7.96897265625,10.558640625,5.252640625,3.30978515625,-0.96194140625,0.7258046875,2.479875,1.788203125,3.9113671875,-0.0350546875,5.1535625,2.21219140625,0.57222265625,5.1362421875,7.590546875,3.7943125,5.6975625,3.66885546875,2.00375,5.83123828125,5.507328125,4.802703125,10.9038671875,17.04316015625,4.495,9.8484296875,12.58021875,7.0698359375
0.4910625,0.87016796875,7.94897265625,10.001640625,3.449640625,1.94878515625,-1.11494140625,-0.9561953125,0.487875,0.298203125,2.2563671875,-0.2410546875,3.6945625,0.76519140625,-0.45277734375,4.9822421875,5.967546875,1.6303125,3.8445625,2.82685546875,1.63075,4.26923828125,3.826328125,3.692703125,9.6608671875,16.80516015625,3.496,7.4934296875,12.17621875,6.3988359375
-0.2599375,-0.12483203125,6.85197265625,7.755640625,0.421640625,-0.55121484375,-1.94994140625,-3.3751953125,-2.843125,-2.155796875,-0.457632812500001,-1.4690546875,1.6245625,-1.26680859375,-2.42677734375,3.2982421875,2.877546875,-0.6556875,1.3055625,0.71685546875,0.17875,2.55023828125,1.675328125,1.589703125,7.3188671875,15.16316015625,1.736,4.7304296875,10.64521875,4.3428359375
-1.2479375,-1.47583203125,5.01797265625,4.629640625,-3.088359375,-3.67521484375,-3.29994140625,-5.9541953125,-6.475125,-5.001796875,-3.5036328125,-3.3260546875,-0.7164375,-3.36580859375,-4.78077734375,0.7322421875,-0.623453125,-2.5206875,-1.2544375,-1.93014453125,-1.66625,0.86323828125,-0.529671875,-0.916296875,4.7518671875,13.01516015625,-0.385,1.9814296875,8.45421875,1.9018359375
-2.1729375,-2.60483203125,3.15297265625,1.802640625,-6.025359375,-6.56021484375,-4.70794140625,-8.0911953125,-9.029125,-7.375796875,-5.9256328125,-5.0930546875,-2.4444375,-4.81380859375,-6.72577734375,-1.7067578125,-3.200453125,-3.3846875,-3.0674375,-4.10714453125,-2.98625,-0.36176171875,-2.216671875,-3.007296875,2.9638671875,11.54016015625,-2.254,-0.1765703125,6.33521875,0.2968359375
-2.7029375,-3.03583203125,1.99297265625,0.236640625,-7.567359375,-8.39921484375,-5.68194140625,-9.3691953125,-9.544125,-8.582796875,-7.0136328125,-6.1420546875,-2.5954375,-5.11880859375,-7.67177734375,-3.1777578125,-3.865453125,-2.9846875,-3.6924375,-5.06214453125,-3.15325,-0.68376171875,-2.994671875,-4.069296875,2.5418671875,11.51316015625,-3.411,-1.2975703125,4.90121875,0.3018359375
-2.6609375,-2.65183203125,1.92797265625,0.209640625,-7.502359375,-8.80721484375,-5.92994140625,-9.6381953125,-8.004125,-8.443796875,-6.6336328125,-6.2910546875,-0.8814375,-4.32680859375,-7.51777734375,-3.4017578125,-2.436453125,-1.5926875,-3.2734375,-4.67814453125,-2.20325,0.0282382812500002,-2.897671875,-4.017296875,3.3318671875,12.81616015625,-3.811,-1.3505703125,4.30821875,1.7898359375
-2.1449375,-1.69883203125,2.82597265625,1.302640625,-6.211359375,-7.91621484375,-5.42794140625,-8.9631953125,-5.286125,-7.290796875,-5.1896328125,-5.8250546875,1.9945625,-2.94880859375,-6.59277734375,-2.6827578125,0.435546875,0.1153125,-2.4084375,-3.43714453125,-0.79125,1.46923828125,-2.338671875,-3.252296875,4.5668671875,14.53216015625,-3.788,-0.7695703125,4.23021875,3.8288359375
-1.4379375,-0.57583203125,4.18297265625,2.786640625,-4.312359375,-6.16621484375,-4.28994140625,-7.5191953125,-2.610125,-5.660796875,-3.2856328125,-5.2250546875,4.7645625,-1.61080859375,-5.35777734375,-1.5887578125,3.636546875,1.4413125,-1.7344375,-2.04414453125,0.21575,3.03123828125,-1.813671875,-2.338296875,5.3608671875,15.54416015625,-3.765,-0.2115703125,4.12921875,5.2608359375
-0.7979375,0.39116796875,5.45697265625,4.087640625,-2.311359375,-4.01721484375,-2.61194140625,-5.5351953125,-0.921125,-3.986796875,-1.3806328125,-4.8450546875,6.3905625,-0.71580859375,-4.12077734375,-0.6017578125,6.109546875,2.0033125,-1.5634375,-1.03214453125,0.20575,4.06323828125,-1.633671875,-1.685296875,5.1928671875,15.16916015625,-3.984,-0.2595703125,3.56021875,5.3138359375
-0.3399375,1.03816796875,6.30597265625,4.976640625,-0.480359375,-1.81921484375,-0.47294140625,-3.3301953125,-0.553125,-2.479796875,0.308367187499999,-4.7940546875,6.4895625,-0.34180859375,-2.98777734375,0.0282421874999996,7.224546875,1.7923125,-1.8254375,-0.620144531249999,-0.95625,4.09323828125,-1.845671875,-1.450296875,4.0558671875,13.41216015625,-4.451,-1.2325703125,2.31221875,3.8568359375
-0.0999374999999998,1.31016796875,6.59297265625,5.482640625,1.064640625,0.16778515625,1.92005859375,-1.3571953125,-1.261125,-1.198796875,1.6843671875,-5.0180546875,5.1345625,-0.35480859375,-1.98177734375,0.2112421875,6.849546875,1.0263125,-2.2664375,-0.79614453125,-3.00725,2.95223828125,-2.339671875,-1.628296875,2.2828671875,10.74416015625,-5.053,-3.1235703125,0.38821875,1.2598359375
-0.1129375,1.19416796875,6.28297265625,5.714640625,2.274640625,1.73278515625,4.17505859375,-0.116195312499999,-2.444125,-0.137796875,2.6403671875,-5.4190546875,2.4735625,-0.53080859375,-1.14577734375,-0.0787578125000001,5.219546875,0.000312499999999716,-2.6634375,-1.44114453125,-5.48425,0.86523828125,-2.938671875,-2.144296875,0.2768671875,7.75116015625,-5.646,-5.5645703125,-2.00178125,-1.8631640625
-0.3449375,0.74216796875,5.42497265625,5.811640625,3.170640625,2.79278515625,5.87605859375,0.0778046875000005,-3.404125,0.768203125,3.0993671875,-5.8860546875,-1.2834375,-0.61980859375,-0.51977734375,-0.7997578125,2.781546875,-0.9566875,-2.8854375,-2.34514453125,-7.87025,-1.53876171875,-3.420671875,-2.840296875,-1.6151328125,4.96016015625,-6.038,-7.8395703125,-4.38278125,-4.7971640625
-0.5819375,0.13216796875,4.22997265625,5.979640625,3.900640625,3.49478515625,6.85305859375,-0.6971953125,-3.567125,1.659203125,3.1413671875,-6.2540546875,-5.4414375,-0.35280859375,-0.04377734375,-1.7487578125,0.105546875,-1.4756875,-2.8284375,-3.18214453125,-9.64825,-3.36976171875,-3.507671875,-3.426296875,-3.0551328125,2.85016015625,-5.953,-9.0355703125,-6.03678125,-6.7691640625
-0.4629375,-0.32183203125,3.10297265625,6.488640625,4.715640625,4.17478515625,7.28205859375,-1.9771953125,-2.664125,2.715203125,3.0613671875,-6.3070546875,-8.5684375,0.46519140625,0.46722265625,-2.5527578125,-2.152453125,-1.2256875,-2.3774375,-3.54814453125,-10.36125,-3.81076171875,-2.935671875,-3.521296875,-3.6851328125,1.86416015625,-5.111,-8.4055703125,-6.23778125,-7.0731640625
0.3070625,-0.31283203125,2.51397265625,7.528640625,5.818640625,5.15478515625,7.53105859375,-3.1561953125,-0.841125,4.023203125,3.2363671875,-5.9040546875,-8.9764375,1.82519140625,1.20322265625,-2.8147578125,-3.378453125,-0.0876875000000004,-1.4784375,-3.13114453125,-9.75225,-2.53176171875,-1.613671875,-2.841296875,-3.2331328125,2.28516015625,-3.428,-5.7905703125,-4.64378125,-5.3431640625
1.7230625,0.23716796875,2.76797265625,9.012640625,7.169640625,6.48778515625,7.88405859375,-3.7941953125,1.360875,5.436203125,3.8663671875,-5.1330546875,-5.8084375,3.41719140625,2.16522265625,-2.3657578125,-3.238453125,1.6853125,-0.259437500000001,-1.92014453125,-7.92525,0.0592382812500003,0.233328125,-1.414296875,-1.7161328125,4.02116015625,-1.182,-1.8625703125,-1.61078125,-1.8211640625
3.3920625,1.06516796875,3.83597265625,10.468640625,8.408640625,7.84278515625,8.33205859375,-3.8151953125,3.193875,6.549203125,4.7913671875,-4.3680546875,0.1005625,4.69719140625,3.06922265625,-1.4207578125,-1.898453125,3.4943125,0.9205625,-0.287144531249999,-5.39625,2.89523828125,2.051328125,0.345703125,0.4248671875,6.50716015625,0.995,2.0464296875,1.84021875,2.5758359375
4.6520625,1.67116796875,5.34997265625,11.155640625,8.982640625,8.62778515625,8.58105859375,-3.5041953125,3.999875,6.861203125,5.5413671875,-4.0940546875,6.4065625,5.11619140625,3.45322265625,-0.5107578125,-0.0434531250000001,4.6413125,1.5825625,1.13485546875,-2.96725,4.70923828125,3.159328125,1.793703125,2.4178671875,8.84716015625,2.366,4.4934296875,4.42521875,6.5348359375
4.8570625,1.62316796875,6.77097265625,10.411640625,8.435640625,8.29378515625,8.26205859375,-3.2931953125,3.465875,6.043203125,5.5933671875,-4.5970546875,10.4805625,4.39519140625,2.93622265625,-0.2047578125,1.401546875,4.6583125,1.3535625,1.72885546875,-1.44725,4.62823828125,3.054328125,2.342703125,3.4638671875,10.13916015625,2.411,4.5934296875,5.17621875,8.8518359375
3.7240625,0.82516796875,7.64197265625,8.035640625,6.668640625,6.64578515625,7.23805859375,-3.4561953125,1.732875,4.124203125,4.6723671875,-5.7380546875,10.8645625,2.64519140625,1.42222265625,-0.8237578125,1.720546875,3.4903125,0.1325625,1.14285546875,-1.38025,2.57423828125,1.631328125,1.690703125,3.0498671875,9.79916015625,1.027,2.3974296875,3.81321875,8.8708359375
1.5120625,-0.43783203125,7.76797265625,4.485640625,4.011640625,3.97278515625,5.75505859375,-3.9061953125,-0.700125,1.490203125,2.8913671875,-7.0110546875,8.0115625,0.28219140625,-0.86677734375,-2.3207578125,0.735546875,1.4413125,-1.8874375,-0.617144531249999,-2.89025,-0.77676171875,-0.823671875,-0.137296875,1.1058671875,7.72116015625,-1.516,-1.2355703125,0.73421875,6.6368359375
-1.0929375,-1.67183203125,7.26197265625,0.752640625,1.110640625,0.94878515625,4.33005859375,-4.2551953125,-3.189125,-1.265796875,0.674367187499999,-7.8360546875,3.9495625,-2.16080859375,-3.48877734375,-4.3397578125,-1.204453125,-1.0246875,-4.3274375,-3.23114453125,-5.65025,-4.40076171875,-3.788671875,-2.852296875,-2.0101328125,4.29116015625,-4.754,-5.1425703125,-3.25478125,2.8038359375
-3.3239375,-2.42183203125,6.43397265625,-2.006359375,-1.298359375,-1.62021484375,3.45505859375,-4.0631953125,-5.151125,-3.517796875,-1.4166328125,-7.8570546875,1.1185625,-4.19580859375,-5.90077734375,-6.3527578125,-3.468453125,-3.4456875,-6.7344375,-6.15414453125,-8.96125,-7.42576171875,-6.686671875,-5.967296875,-5.6261328125,0.28116015625,-8.16,-8.3825703125,-7.23878125,-1.5831640625
-4.6379375,-2.47183203125,5.62597265625,-2.900359375,-2.603359375,-3.05321484375,3.38405859375,-3.0641953125,-6.184125,-4.764796875,-2.8696328125,-7.0720546875,0.9725625,-5.44980859375,-7.56577734375,-7.8217578125,-5.454453125,-5.4356875,-8.6524375,-8.72914453125,-11.92425,-9.42976171875,-9.011671875,-8.858296875,-8.9281328125,-3.36383984375,-11.209,-10.4835703125,-10.39178125,-5.3901640625
-4.8559375,-1.91483203125,5.06397265625,-1.614359375,-2.515359375,-3.02121484375,4.07805859375,-1.2701953125,-6.121125,-4.773796875,-3.3926328125,-5.7810546875,3.0845625,-5.73480859375,-8.11677734375,-8.3727578125,-6.790453125,-6.7346875,-9.7384375,-10.38214453125,-13.74925,-10.45576171875,-10.434671875,-10.918296875,-11.2011328125,-5.89183984375,-13.441,-11.4135703125,-12.12578125,-7.7691640625
-4.1669375,-1.10983203125,4.75297265625,1.443640625,-1.201359375,-1.69721484375,5.24405859375,1.0278046875,-5.072125,-3.719796875,-3.0456328125,-4.4510546875,5.3385625,-5.13480859375,-7.55977734375,-7.9827578125,-7.394453125,-7.3016875,-9.9204375,-10.87214453125,-14.09525,-10.82376171875,-10.902671875,-11.805296875,-12.1061328125,-7.10183984375,-14.6,-11.4295703125,-12.26578125,-8.5061640625
-3.0669375,-0.51483203125,4.49497265625,5.242640625,0.734640625,0.23878515625,6.38605859375,3.2878046875,-3.438125,-2.194796875,-2.2716328125,-3.5720546875,5.1645625,-4.05580859375,-6.36377734375,-7.0427578125,-7.398453125,-7.3646875,-9.5024375,-10.43214453125,-13.24125,-10.92276171875,-10.688671875,-11.621296875,-11.8181328125,-7.44083984375,-14.761,-10.9425703125,-11.14978125,-8.0831640625
-2.1689375,-0.47483203125,4.03597265625,8.500640625,2.472640625,1.85778515625,6.96305859375,4.8628046875,-1.829125,-0.996796875,-1.7086328125,-3.4850546875,1.1395625,-3.08780859375,-5.27977734375,-6.1757578125,-6.968453125,-7.3256875,-9.0384375,-9.63314453125,-11.90125,-11.06476171875,-10.269671875,-10.845296875,-10.8881328125,-7.68883984375,-14.278,-10.4015703125,-9.50678125,-7.3611640625
-1.8789375,-1.02183203125,3.32597265625,10.242640625,3.349640625,2.44978515625,6.68905859375,5.2688046875,-0.829125,-0.728796875,-1.8256328125,-4.1860546875,-5.9914375,-2.70880859375,-4.90577734375,-5.8307578125,-6.116453125,-7.4886875,-8.9744375,-8.99714453125,-10.75825,-11.37076171875,-10.041671875,-9.995296875,-9.8471328125,-8.36583984375,-13.529,-10.1325703125,-8.07378125,-6.9901640625
-2.1519375,-1.81383203125,2.67497265625,10.243640625,3.184640625,1.91778515625,5.79705859375,4.4628046875,-0.733125,-1.448796875,-2.5846328125,-5.2090546875,-13.4334375,-2.98480859375,-5.29077734375,-5.9227578125,-4.655453125,-7.7826875,-9.2924375,-8.60214453125,-10.00425,-11.66876171875,-10.027671875,-9.235296875,-8.8311328125,-9.28783984375,-12.619,-10.1395703125,-7.15878125,-6.9551640625
-2.5469375,-2.26583203125,2.63897265625,9.050640625,2.334640625,0.82578515625,4.99705859375,2.8948046875,-1.414125,-2.617796875,-3.4046328125,-5.7690546875,-17.6504375,-3.50680859375,-5.86377734375,-5.8147578125,-2.385453125,-7.7256875,-9.4564375,-8.01414453125,-9.24425,-11.49776171875,-9.800671875,-8.259296875,-7.5061328125,-9.61983984375,-11.292,-10.0205703125,-6.46078125,-6.5601640625
-2.5769375,-1.87783203125,3.63997265625,7.565640625,1.423640625,0.0107851562499999,5.06205859375,1.2778046875,-2.436125,-3.422796875,-3.5136328125,-5.1770546875,-16.2784375,-3.65080859375,-5.79577734375,-4.7367578125,0.623546875,-6.7106875,-8.7654375,-6.62714453125,-7.84225,-10.32376171875,-8.749671875,-6.563296875,-5.3841328125,-8.42683984375,-9.17,-9.1355703125,-5.33578125,-4.9121640625
-2.0829375,-0.57083203125,5.60697265625,6.477640625,0.915640625,0.02978515625,6.30305859375,0.2208046875,-3.350125,-3.299796875,-2.4846328125,-3.3150546875,-9.6014375,-3.00780859375,-4.57677734375,-2.3777578125,3.872546875,-4.4756875,-6.8874375,-4.18814453125,-5.46425,-7.93576171875,-6.541671875,-3.926296875,-2.2931328125,-5.35483984375,-6.148,-7.0075703125,-3.31578125,-1.5871640625
-1.3709375,1.18916796875,7.89897265625,5.950640625,0.835640625,0.79978515625,8.30305859375,-0.0281953124999994,-3.927125,-2.288796875,-0.567632812500001,-0.8030546875,-0.6104375,-1.66880859375,-2.38877734375,0.7832421875,6.583546875,-1.3746875,-4.1734375,-1.11314453125,-2.39325,-4.71376171875,-3.441671875,-0.719296875,1.3508671875,-0.95183984375,-2.63,-3.6865703125,-0.51078125,2.9748359375
-1.0369375,2.61816796875,9.59997265625,5.744640625,0.828640625,1.68278515625,10.07205859375,0.391804687500001,-4.184125,-0.975796875,1.4123671875,1.3029453125,6.5755625,-0.16280859375,-0.0177773437499997,3.6752421875,8.093546875,1.7553125,-1.5054375,1.65885546875,0.61275,-1.50976171875,-0.224671875,2.221703125,4.6958671875,3.59116015625,0.595,0.1904296875,2.42521875,7.6268359375
-1.6079375,3.05016796875,10.00197265625,5.584640625,0.468640625,1.91378515625,10.54805859375,1.1128046875,-4.225125,-0.0887968749999999,2.5063671875,2.0869453125,8.9415625,0.89719140625,1.60622265625,5.2092421875,8.242546875,4.0553125,0.1995625,3.16285546875,2.76775,0.82623828125,2.229328125,4.038703125,6.8958671875,7.06116015625,2.76,3.7004296875,4.68721875,11.0858359375
-3.2229375,2.26716796875,8.96797265625,5.423640625,-0.457359375,1.04478515625,9.12905859375,1.7298046875,-4.099125,-0.083796875,2.1293671875,1.2199453125,6.0605625,1.13819140625,1.89222265625,4.8132421875,7.446546875,5.0553125,0.455562499999999,2.88785546875,3.65675,1.87723828125,3.353328125,4.279703125,7.5108671875,8.77816015625,3.466,6.0144296875,5.73721875,12.5018359375
-5.5229375,0.53416796875,6.99197265625,5.399640625,-1.888359375,-0.86121484375,5.95605859375,1.9108046875,-3.816125,-0.990796875,0.285367187499999,-0.9670546875,0.0065624999999998,0.53819140625,0.79722265625,2.6312421875,6.408546875,4.7853125,-0.6514375,0.96385546875,3.33375,1.72723828125,3.048328125,3.026703125,6.6168671875,8.75516015625,2.769,6.6264296875,5.45721875,11.7188359375
-7.8399375,-1.60183203125,4.91597265625,5.600640625,-3.604359375,-3.33021484375,1.80205859375,1.4328046875,-3.473125,-2.501796875,-2.4886328125,-3.7180546875,-6.0544375,-0.66980859375,-1.25677734375,-0.6277578125,5.671546875,3.5893125,-2.6214375,-1.96814453125,2.17175,0.67923828125,1.585328125,0.764703125,4.6638671875,7.47616015625,1.037,5.3864296875,4.04321875,9.2068359375
-9.5469375,-3.57383203125,3.47097265625,5.901640625,-5.354359375,-5.72821484375,-2.29394140625,0.2078046875,-3.299125,-4.169796875,-5.3746328125,-6.1810546875,-9.6164375,-2.13280859375,-3.59377734375,-4.0087578125,5.311546875,1.8753125,-4.8144375,-5.03714453125,0.62675,-1.06876171875,-0.586671875,-1.851296875,2.2448671875,5.53216015625,-1.254,2.4704296875,1.82421875,5.7798359375
-10.3169375,-4.96283203125,2.92797265625,6.050640625,-6.905359375,-7.49521484375,-5.43294140625,-1.6651953125,-3.535125,-5.550796875,-7.5696328125,-7.6860546875,-9.9504375,-3.47480859375,-5.51277734375,-6.6267578125,4.952546875,-0.0326875000000002,-6.6684375,-7.44914453125,-0.93925,-3.48076171875,-2.978671875,-4.202296875,-0.0851328124999995,3.31416015625,-3.651,-1.6285703125,-0.87778125,2.2688359375
-10.1479375,-5.56783203125,3.04997265625,5.887640625,-8.016359375,-8.27321484375,-7.09594140625,-3.8541953125,-4.191125,-6.283796875,-8.5216328125,-7.8930546875,-8.0454375,-4.32780859375,-6.45877734375,-7.9027578125,4.088546875,-1.8546875,-7.7914375,-8.69614453125,-2.30825,-6.43376171875,-5.119671875,-5.826296875,-1.8971328125,0.93316015625,-5.766,-6.0815703125,-3.75278125,-0.7451640625
-9.2279375,-5.38483203125,3.35197265625,5.516640625,-8.420359375,-7.95121484375,-7.21594140625,-5.8451953125,-4.902125,-6.129796875,-8.0696328125,-6.8520546875,-5.5684375,-4.37280859375,-6.14377734375,-7.6857578125,2.496546875,-3.2556875,-7.9814375,-8.64114453125,-3.36925,-9.39676171875,-6.553671875,-6.458296875,-2.9071328125,-1.63083984375,-7.262,-9.7895703125,-6.43278125,-2.9871640625
-7.8019375,-4.56583203125,3.41997265625,5.271640625,-7.890359375,-6.66621484375,-6.15394140625,-7.1171953125,-5.066125,-5.011796875,-6.4526328125,-4.9550546875,-3.6394375,-3.43580859375,-4.61277734375,-6.2447578125,0.499546875,-3.8176875,-7.2224375,-7.47514453125,-4.05925,-11.39176171875,-6.880671875,-6.042296875,-2.9851328125,-4.27683984375,-7.858,-11.6195703125,-8.42678125,-4.3661640625
-6.1129375,-3.38483203125,3.10897265625,5.486640625,-6.402359375,-4.78521484375,-4.56794140625,-7.3781953125,-4.234125,-3.112796875,-4.2196328125,-2.8370546875,-2.2644375,-1.64080859375,-2.27677734375,-4.1787578125,-1.168453125,-3.2206875,-5.7304375,-5.63614453125,-4.35325,-11.42476171875,-5.926671875,-4.756296875,-2.1931328125,-6.68083984375,-7.422,-10.8585703125,-9.23778125,-4.8451640625
-4.3839375,-2.21383203125,2.53097265625,6.217640625,-4.309359375,-2.85221484375,-3.20994140625,-6.7251953125,-2.514125,-0.948796875,-2.1016328125,-1.2210546875,-0.6854375,0.47419140625,0.13622265625,-2.2527578125,-1.831453125,-1.5456875,-3.9804375,-3.72614453125,-4.32725,-9.14676171875,-3.950671875,-3.057296875,-0.8421328125,-8.42983984375,-6.118,-7.6555703125,-8.64178125,-4.4501640625
-2.8149375,-1.44183203125,1.91397265625,7.159640625,-2.313359375,-1.45721484375,-2.66694140625,-5.6061953125,-0.636125,0.717203125,-0.801632812500001,-0.7060546875,1.7995625,2.07319140625,1.77322265625,-1.1697578125,-1.325453125,0.6123125,-2.6164375,-2.35814453125,-4.16925,-5.22176171875,-1.672671875,-1.593296875,0.5578671875,-9.26283984375,-4.428,-3.0855703125,-6.89678125,-3.3461640625
-1.5769375,-1.31283203125,1.44097265625,7.838640625,-1.152359375,-1.00421484375,-3.13194140625,-4.5731953125,0.456875,1.218203125,-0.723632812500001,-1.5010546875,5.2205625,2.42219140625,2.04222265625,-1.2757578125,-0.0464531250000002,2.4153125,-2.1464375,-1.90514453125,-4.04425,-1.01176171875,0.0573281249999997,-0.910296875,1.5428671875,-9.14883984375,-2.902,1.3464296875,-4.60978125,-1.7751640625
-0.7609375,-1.75783203125,1.17297265625,7.948640625,-1.152359375,-1.48421484375,-4.29694140625,-4.0051953125,0.220875,0.380203125,-1.7446328125,-3.2600546875,8.9055625,1.36719140625,0.96722265625,-2.3737578125,1.414546875,3.2993125,-2.5984375,-2.26614453125,-3.89725,2.22623828125,0.753328124999999,-1.112296875,1.9988671875,-8.17383984375,-1.799,4.4964296875,-2.34778125,0.1188359375
-0.3099375,-2.38883203125,1.05597265625,7.562640625,-2.011359375,-2.45121484375,-5.46594140625,-3.9771953125,-1.126125,-1.324796875,-3.2316328125,-5.1900546875,11.9465625,-0.51880859375,-0.78077734375,-3.7957578125,2.645546875,3.2933125,-3.4594375,-2.89514453125,-3.41825,4.01823828125,0.561328124999999,-1.774296875,2.2428671875,-6.42483984375,-0.92,6.1034296875,-0.33278125,2.3618359375
-0.0169375,-2.70383203125,0.99197265625,7.041640625,-2.996359375,-3.25321484375,-5.88594140625,-4.3611953125,-2.775125,-3.046796875,-4.3556328125,-6.4140546875,13.7435625,-2.28480859375,-2.25577734375,-4.7757578125,3.502546875,2.8843125,-4.0034375,-3.13914453125,-2.26125,4.69623828125,0.0673281249999995,-2.229296875,2.7778671875,-4.03883984375,0.163,6.6764296875,1.51921875,4.9728359375
0.3240625,-2.37783203125,0.89897265625,6.754640625,-3.389359375,-3.39821484375,-5.16794140625,-5.0161953125,-3.839125,-4.029796875,-4.5346328125,-6.3920546875,14.1715625,-3.17280859375,-2.75977734375,-4.8607578125,3.951546875,2.5783125,-3.7824375,-2.64914453125,-0.36625,4.88323828125,-0.181671875,-2.023296875,3.8888671875,-1.33683984375,1.686,6.9184296875,3.28821875,7.7078359375
0.7250625,-1.45583203125,0.72297265625,6.837640625,-2.871359375,-2.79721484375,-3.52594140625,-5.8971953125,-3.820125,-3.965796875,-3.7206328125,-5.1370546875,13.3205625,-3.01780859375,-2.17577734375,-4.1207578125,3.917546875,2.5333125,-2.9174375,-1.58414453125,1.89075,4.90623828125,-0.0566718750000001,-1.205296875,5.3858671875,1.12016015625,3.408,7.1664296875,4.77621875,9.9528359375
0.9580625,-0.31883203125,0.45197265625,7.160640625,-1.612359375,-1.74421484375,-1.64794140625,-7.0081953125,-2.761125,-3.061796875,-2.3836328125,-3.1450546875,11.1925625,-2.23080859375,-0.93277734375,-3.0357578125,3.299546875,2.5173125,-1.9874375,-0.48014453125,3.81975,4.61623828125,0.124328125,-0.271296875,6.6748671875,2.64316015625,4.664,7.2324296875,5.50621875,10.9258359375
0.736062500000001,0.53016796875,0.12397265625,7.448640625,-0.109359375,-0.69021484375,-0.28494140625,-8.2661953125,-1.100125,-1.841796875,-1.2026328125,-1.1140546875,7.7245625,-1.46180859375,0.29022265625,-2.2047578125,2.103546875,2.1423125,-1.6414375,0.0788554687500005,4.73175,3.63823828125,-0.133671875,0.135703125,7.0678671875,2.65016015625,4.726,6.6804296875,4.98321875,10.0568359375
-0.0499375,0.73816796875,-0.17702734375,7.435640625,1.095640625,0.00378515624999975,0.15305859375,-9.4151953125,0.602875,-0.852796875,-0.692632812500001,0.3559453125,3.0945625,-1.21380859375,0.93022265625,-2.0457578125,0.567546875,1.1713125,-2.2074375,-0.21914453125,4.25475,1.80423828125,-1.137671875,-0.408296875,6.1698671875,0.90916015625,3.219,5.2504296875,3.04021875,7.3418359375
-1.2079375,0.28816796875,-0.37202734375,6.970640625,1.668640625,0.21978515625,-0.22294140625,-10.0741953125,1.912875,-0.405796875,-0.9456328125,0.9849453125,-1.9934375,-1.59180859375,0.79622265625,-2.6137578125,-0.833453125,-0.2846875,-3.5004375,-1.25114453125,2.51675,-0.58776171875,-2.768671875,-1.851296875,4.1228671875,-2.28783984375,0.388,3.1514296875,0.0642187500000002,3.4628359375
-2.2969375,-0.49783203125,-0.42502734375,6.087640625,1.609640625,0.0897851562500001,-0.86794140625,-9.8831953125,2.668875,-0.475796875,-1.6206328125,0.8499453125,-6.3394375,-2.30280859375,0.12422265625,-3.6067578125,-1.553453125,-1.7846875,-4.9074375,-2.52214453125,0.14175,-2.80476171875,-4.485671875,-3.650296875,1.5988671875,-6.13283984375,-2.922,1.0774296875,-3.03278125,-0.3911640625
-2.8089375,-1.14083203125,-0.34902734375,5.021640625,1.192640625,-0.12121484375,-1.11194140625,-8.6721953125,2.986875,-0.788796875,-2.1756328125,0.2589453125,-8.6764375,-2.84280859375,-0.57977734375,-4.5457578125,-1.232453125,-2.7466875,-5.6844375,-3.41414453125,-1.97725,-4.01676171875,-5.553671875,-4.991296875,-0.4621328125,-9.55283984375,-5.594,-0.0955703124999996,-5.13778125,-2.9721640625
-2.4769375,-1.28683203125,-0.21202734375,4.109640625,0.750640625,-0.20721484375,-0.56494140625,-6.5831953125,3.133875,-1.047796875,-2.2116328125,-0.4770546875,-8.3574375,-2.78380859375,-0.84677734375,-5.0507578125,0.0955468750000001,-2.7316875,-5.3254375,-3.49514453125,-3.05325,-3.74076171875,-5.409671875,-5.176296875,-1.2711328125,-11.62083984375,-6.728,0.2124296875,-5.44378125,-3.4771640625
-1.5209375,-0.90483203125,-0.14102734375,3.597640625,0.434640625,-0.18621484375,0.59705859375,-4.0701953125,3.345875,-1.134796875,-1.7236328125,-1.2050546875,-5.8714375,-1.97580859375,-0.49977734375,-5.0327578125,1.987546875,-1.6426875,-3.7984375,-2.71814453125,-2.72925,-2.09676171875,-3.924671875,-3.943296875,-0.5221328125,-11.92583984375,-6.02,1.9724296875,-3.82878125,-1.8491640625
-0.6209375,-0.28583203125,-0.27502734375,3.493640625,0.138640625,-0.29021484375,1.69105859375,-1.7451953125,3.725875,-1.153796875,-1.0866328125,-1.9190546875,-2.6774375,-0.54980859375,0.30122265625,-4.6857578125,3.813546875,0.2913125,-1.5044375,-1.37814453125,-1.19025,0.34023828125,-1.390671875,-1.534296875,1.5488671875,-10.65583984375,-3.78,4.6184296875,-0.82678125,1.3198359375
-0.5019375,0.16716796875,-0.64102734375,3.586640625,-0.377359375,-0.77721484375,1.95205859375,-0.121195312499999,4.223875,-1.291796875,-0.787632812500001,-2.6200546875,-0.2914375,1.21219140625,1.21822265625,-4.2857578125,5.050546875,2.6953125,0.998562499999999,0.119855468750001,0.99775,2.94123828125,1.703328125,1.499703125,4.3618671875,-8.40383984375,-0.647,7.4464296875,2.71821875,5.1498359375
-1.4539375,0.18616796875,-1.10602734375,3.573640625,-1.293359375,-1.73321484375,1.01005859375,0.548804687500001,4.643875,-1.673796875,-1.1236328125,-3.2170546875,0.7135625,3.00019140625,1.93322265625,-3.9927578125,5.450546875,5.1863125,3.2365625,1.46185546875,3.14975,5.29623828125,4.864328125,4.534703125,7.2758671875,-5.86183984375,2.705,9.9124296875,6.00421875,8.8148359375
-3.1549375,-0.24483203125,-1.48202734375,3.201640625,-2.637359375,-3.03121484375,-0.93894140625,0.258804687500001,4.649875,-2.323796875,-2.0786328125,-3.5820546875,0.9125625,4.48319140625,2.24122265625,-3.8147578125,5.008546875,7.3543125,4.8695625,2.46985546875,4.66575,7.11323828125,7.606328125,6.997703125,9.7308671875,-3.62483984375,5.66,11.5964296875,8.36021875,11.6568359375
-4.8869375,-0.94183203125,-1.69702734375,2.363640625,-4.295359375,-4.45121484375,-3.30294140625,-0.8471953125,3.873875,-3.212796875,-3.4086328125,-3.6620546875,1.2875625,5.30319140625,2.04022265625,-3.7047578125,3.844546875,8.7233125,5.6335625,3.03285546875,5.16175,8.01223828125,9.394328125,8.403703125,11.2938671875,-2.10083984375,7.632,12.0454296875,9.22721875,13.1628359375
-5.9219375,-1.66983203125,-1.83902734375,1.154640625,-6.045359375,-5.77121484375,-5.37294140625,-2.4781953125,2.184875,-4.276796875,-4.7686328125,-3.5040546875,2.2335625,5.19919140625,1.34322265625,-3.6377578125,2.148546875,8.8813125,5.3625625,3.08285546875,4.56075,7.57223828125,9.754328125,8.446703125,11.7218671875,-1.47683984375,8.124,10.8524296875,8.26121875,13.0208359375
-5.8249375,-2.25783203125,-2.01302734375,-0.156359375,-7.587359375,-6.80021484375,-6.54794140625,-4.1421953125,-0.0681250000000002,-5.376796875,-5.8156328125,-3.1770546875,3.1655625,4.20219140625,0.32622265625,-3.5937578125,0.231546875,7.7753125,4.1145625,2.65485546875,3.14775,5.69523828125,8.545328125,7.142703125,11.0518671875,-1.70083984375,6.937,7.9904296875,5.54221875,11.2508359375
-4.6229375,-2.65283203125,-2.20002734375,-1.262359375,-8.610359375,-7.38021484375,-6.50394140625,-5.1971953125,-2.119125,-6.295796875,-6.2786328125,-2.7010546875,3.0035625,2.71719140625,-0.69677734375,-3.5227578125,-1.438453125,5.8703125,2.2505625,1.92085546875,1.48075,2.88223828125,6.148328125,4.894703125,9.5968671875,-2.54183984375,4.332,4.0434296875,1.65921875,8.2548359375
-2.7849375,-2.89083203125,-2.25502734375,-1.998359375,-8.914359375,-7.44221484375,-5.32294140625,-5.1001953125,-3.164125,-6.811796875,-6.0536328125,-2.0730546875,1.0675625,1.35419140625,-1.40377734375,-3.3687578125,-2.321453125,3.9923125,0.309562499999999,1.12285546875,0.15375,0.0942382812500002,3.351328125,2.343703125,7.8018671875,-3.71683984375,0.978,0.0474296875000002,-2.49278125,4.7148359375
-0.9769375,-3.04483203125,-2.03102734375,-2.375359375,-8.504359375,-7.06221484375,-3.48394140625,-3.6831953125,-2.772125,-6.812796875,-5.2536328125,-1.3410546875,-2.3324375,0.61919140625,-1.64477734375,-3.1197578125,-1.996453125,2.9233125,-1.2324375,0.45185546875,-0.44125,-1.70576171875,1.004328125,0.114703125,6.0508671875,-4.95683984375,-2.276,-2.9505703125,-6.04178125,1.4118359375
0.2910625,-3.17783203125,-1.48702734375,-2.443359375,-7.582359375,-6.45321484375,-1.65194140625,-1.2561953125,-1.058125,-6.344796875,-4.1706328125,-0.6260546875,-6.0094375,0.69119140625,-1.51377734375,-2.8157578125,-0.390453125,3.0293125,-2.1474375,-0.0211445312499992,-0.22025,-1.95376171875,-0.324671875,-1.398296875,4.5908671875,-5.99183984375,-4.666,-4.2805703125,-8.36078125,-0.9311640625
0.8820625,-3.31283203125,-0.72402734375,-2.137359375,-6.442359375,-5.88621484375,-0.41294140625,1.5208046875,1.452875,-5.584796875,-3.1546328125,-0.0620546875,-8.5894375,1.38519140625,-1.27977734375,-2.5137578125,2.105546875,4.1393125,-2.4904375,-0.317144531249999,0.65475,-0.61676171875,-0.505671875,-2.087296875,3.5528671875,-6.54383984375,-5.721,-3.7905703125,-9.15078125,-1.8031640625
0.9540625,-3.44983203125,0.0529726562500001,-1.309359375,-5.365359375,-5.60821484375,-0.10994140625,3.8868046875,4.056875,-4.779796875,-2.5006328125,0.2659453125,-9.2244375,2.27719140625,-1.23677734375,-2.2687578125,4.712546875,5.6533125,-2.5244375,-0.51214453125,1.87075,1.88823828125,0.177328125,-2.102296875,2.9678671875,-6.45383984375,-5.407,-1.8155703125,-8.47978125,-1.1141640625
0.7460625,-3.58283203125,0.59997265625,0.0596406249999999,-4.581359375,-5.79421484375,-0.81994140625,5.2368046875,6.044875,-4.209796875,-2.4026328125,0.3299453125,-7.8044375,2.86319140625,-1.59977734375,-2.1597578125,6.519546875,6.7853125,-2.6234375,-0.73614453125,3.03475,4.78823828125,1.133328125,-1.799296875,2.6988671875,-5.86983984375,-4.175,0.8914296875,-6.84478125,0.6528359375
0.4670625,-3.70783203125,0.73097265625,1.677640625,-4.244359375,-6.48221484375,-2.37494140625,5.3178046875,6.829875,-4.131796875,-2.9206328125,0.1349453125,-4.6454375,2.71719140625,-2.44377734375,-2.3087578125,6.823546875,6.8383125,-3.1424375,-1.17114453125,3.75075,7.07523828125,1.638328125,-1.651296875,2.4268671875,-5.28083984375,-2.819,3.2834296875,-5.11578125,2.5418359375
0.3250625,-3.78383203125,0.39197265625,3.030640625,-4.364359375,-7.47921484375,-4.36494140625,4.3098046875,6.117875,-4.629796875,-3.9106328125,-0.2470546875,-0.1114375,1.67119140625,-3.63477734375,-2.7717578125,5.415546875,5.4783125,-4.2434375,-1.93214453125,3.78275,7.77123828125,1.112328125,-2.048296875,1.8008671875,-5.26683984375,-2.118,4.3364296875,-4.23778125,3.5678359375
0.5660625,-3.69183203125,-0.30302734375,3.700640625,-4.703359375,-8.30821484375,-6.15094140625,2.7718046875,4.122875,-5.440796875,-4.9426328125,-0.5830546875,5.3485625,-0.0298085937500001,-4.77077734375,-3.3647578125,2.702546875,2.9513125,-5.7214375,-2.88214453125,3.22975,6.37423828125,-0.564671875,-3.043296875,0.7268671875,-6.10583984375,-2.4,3.5314296875,-4.75478125,3.2588359375
1.4100625,-3.25183203125,-1.11302734375,3.658640625,-4.797359375,-8.32021484375,-6.96794140625,1.4408046875,1.615875,-5.948796875,-5.3436328125,-0.4590546875,10.8055625,-1.73880859375,-5.23577734375,-3.6027578125,-0.423453125,0.0673124999999999,-6.9914375,-3.55814453125,2.56575,3.24423828125,-2.892671875,-4.239296875,-0.4501328125,-7.55083984375,-3.346,1.2334296875,-6.46478125,1.9298359375
2.9050625,-2.34983203125,-1.74502734375,3.261640625,-4.174359375,-6.98921484375,-6.16694140625,0.9498046875,-0.334125,-5.454796875,-4.4606328125,0.5459453125,14.6755625,-2.67080859375,-4.45777734375,-2.9097578125,-2.951453125,-2.1206875,-7.3464375,-3.36614453125,2.41675,-0.43876171875,-4.944671875,-4.977296875,-1.0901328125,-8.97483984375,-4.205,-1.3995703125,-8.51178125,0.4338359375
4.7810625,-1.08983203125,-1.97302734375,2.942640625,-2.672359375,-4.26621484375,-3.56994140625,1.5678046875,-0.866125,-3.606796875,-2.0456328125,2.5509453125,15.1595625,-2.32480859375,-2.25877734375,-1.0087578125,-4.187453125,-2.8206875,-6.3544375,-1.96514453125,3.18275,-3.22576171875,-5.837671875,-4.735296875,-0.6621328125,-9.76983984375,-4.302,-3.0335703125,-9.89378125,-0.4131640625
6.4310625,0.16916796875,-1.73202734375,2.836640625,-0.595359375,-0.73321484375,0.27705859375,3.0618046875,0.247875,-0.668796875,1.5093671875,5.1659453125,11.2195625,-0.76780859375,0.95522265625,1.8102421875,-4.013453125,-1.8916875,-4.1364375,0.45085546875,4.78275,-4.12876171875,-5.182671875,-3.459296875,0.8838671875,-9.71183984375,-3.461,-2.9185703125,-10.04478125,-0.3221640625
7.1060625,0.98916796875,-1.12002734375,2.697640625,1.454640625,2.62578515625,4.21505859375,4.8078046875,2.564875,2.602203125,5.3053671875,7.6159453125,3.5465625,1.44819140625,4.36422265625,4.7892421875,-2.802453125,0.1683125,-1.2784375,3.21385546875,6.71675,-3.04176171875,-3.215671875,-1.560296875,3.0718671875,-9.01283984375,-2.021,-1.2495703125,-9.06678125,0.4088359375
6.3480625,1.13216796875,-0.28102734375,2.166640625,2.951640625,4.92478515625,7.01705859375,6.1298046875,5.300875,5.380203125,8.3753671875,9.1549453125,-5.1784375,3.65419140625,7.13622265625,7.1152421875,-1.083453125,2.5923125,1.5075625,5.55985546875,8.39875,-0.63776171875,-0.563671875000001,0.371703125,5.1928671875,-8.07683984375,-0.519,1.0714296875,-7.51978125,1.2268359375
4.3360625,0.73016796875,0.71697265625,1.154640625,3.737640625,5.79678515625,8.00605859375,6.6548046875,7.729875,7.166203125,10.1243671875,9.4669453125,-11.1804375,5.40519140625,8.78022265625,8.3272421875,0.761546875,4.7473125,3.7045625,6.99885546875,9.43675,2.08523828125,2.075328125,1.877703125,6.6648671875,-7.21583984375,0.636,3.0074296875,-6.03078125,1.7038359375
1.8640625,0.19716796875,1.84997265625,-0.00135937500000005,4.018640625,5.46278515625,7.32405859375,6.4538046875,9.381875,7.894203125,10.4863671875,8.7819453125,-11.4544375,6.56319140625,9.22722265625,8.4372421875,2.554546875,6.2963125,5.0655625,7.43685546875,9.70975,4.24723828125,4.137328125,2.736703125,7.2218671875,-6.52883984375,1.264,3.8714296875,-5.02578125,1.7018359375
-0.0889374999999997,-0.0528320312500001,2.99197265625,-0.715359375,4.140640625,4.47578515625,5.70605859375,5.9008046875,10.042875,7.788203125,9.7803671875,7.6709453125,-5.5374375,7.16519140625,8.71222265625,7.7612421875,4.171546875,7.1413125,5.5345625,7.06085546875,9.26575,5.34523828125,5.253328125,2.909703125,6.8888671875,-5.96083984375,1.317,3.5104296875,-4.66178125,1.3148359375
-0.8679375,0.13716796875,3.85797265625,-0.506359375,4.358640625,3.38678515625,4.01205859375,5.3848046875,9.706875,7.177203125,8.4553671875,6.6929453125,4.0855625,7.28419140625,7.60022265625,6.6622421875,5.385546875,7.2823125,5.1545625,6.14585546875,8.22475,5.29623828125,5.264328125,2.443703125,5.8648671875,-5.39883984375,0.777,2.2184296875,-4.87578125,0.7378359375
-0.3889375,0.59416796875,4.13097265625,0.685640625,4.734640625,2.54978515625,2.82405859375,5.0978046875,8.579875,6.364203125,6.8943671875,6.1369453125,13.3165625,6.98519140625,6.27022265625,5.3792421875,5.866546875,6.7403125,4.0665625,4.92285546875,6.75775,4.32623828125,4.237328125,1.440703125,4.4268671875,-4.75483984375,-0.333,0.5004296875,-5.46278125,0.1738359375
0.9210625,0.97216796875,3.65497265625,2.413640625,5.170640625,2.08878515625,2.29605859375,4.9908046875,7.059875,5.590203125,5.3333671875,5.9589453125,18.5555625,6.36519140625,5.04622265625,4.0102421875,5.363546875,5.5873125,2.5205625,3.55685546875,5.09475,2.81323828125,2.481328125,0.0807031250000003,2.8668671875,-3.99083984375,-1.883,-1.1315703125,-6.15078125,-0.2191640625
2.3780625,0.97516796875,2.51697265625,3.906640625,5.508640625,1.96678515625,2.23505859375,4.8818046875,5.644875,5.018203125,3.8973671875,5.9289453125,18.2015625,5.57719140625,4.15722265625,2.5972421875,3.894546875,4.0033125,0.860562499999999,2.18385546875,3.51075,1.17523828125,0.492328124999999,-1.357296875,1.4578671875,-3.10883984375,-3.584,-2.2575703125,-6.66478125,-0.3341640625
3.3610625,0.53116796875,0.96597265625,4.461640625,5.622640625,2.07378515625,2.33005859375,4.6038046875,4.744875,4.722203125,2.6503671875,5.8289453125,12.8505625,4.82019140625,3.70922265625,1.2232421875,1.810546875,2.3083125,-0.552437500000001,0.95185546875,2.26375,-0.19976171875,-1.166671875,-2.537296875,0.414867187500001,-2.11883984375,-5.025,-2.5685703125,-6.78478125,-0.1091640625
3.6040625,-0.19383203125,-0.71502734375,3.823640625,5.481640625,2.29478515625,2.37605859375,4.1118046875,4.518875,4.672203125,1.6473671875,5.5819453125,4.5465625,4.28719140625,3.68022265625,0.0412421874999995,-0.317453125,0.8853125,-1.4364375,0.0118554687500003,1.51575,-0.99976171875,-2.037671875,-3.158296875,-0.1401328125,-1.02483984375,-5.791,-1.8965703125,-6.39778125,0.4778359375
3.2860625,-0.89583203125,-2.29302734375,2.307640625,5.167640625,2.55778515625,2.36305859375,3.4888046875,4.838875,4.770203125,0.949367187499999,5.2669453125,-4.1544375,4.13119140625,3.95222265625,-0.7717578125,-1.918453125,0.0653124999999997,-1.6564375,-0.498144531249999,1.28375,-1.04576171875,-1.905671875,-3.045296875,-0.1931328125,0.17616015625,-5.593,-0.2755703125,-5.53178125,1.4198359375
2.8570625,-1.28083203125,-3.59502734375,0.580640625,4.840640625,2.80578515625,2.38005859375,2.8558046875,5.393875,4.900203125,0.589367187499999,5.0439453125,-10.8994375,4.42819140625,4.37522265625,-1.0997578125,-2.647453125,0.0173124999999996,-1.2484375,-0.487144531249999,1.45475,-0.35476171875,-0.853671875,-2.202296875,0.1688671875,1.43616015625,-4.375,1.9994296875,-4.34678125,2.6638359375
2.7150625,-1.20283203125,-4.49302734375,-0.739359375,4.651640625,2.94778515625,2.43605859375,2.2748046875,5.850875,4.954203125,0.508367187499999,5.0149453125,-13.9814375,5.12619140625,4.79222265625,-0.9847578125,-2.527453125,0.6703125,-0.4224375,0.0238554687500008,1.80775,0.81023828125,0.766328124999999,-0.818296875,0.7618671875,2.58216015625,-2.351,4.3724296875,-3.12778125,4.0628359375
2.9750625,-0.73983203125,-4.87102734375,-1.386359375,4.624640625,2.82578515625,2.40105859375,1.7108046875,5.986875,4.812203125,0.517367187499999,5.1099453125,-12.6524375,6.01019140625,5.04322265625,-0.6667578125,-1.927453125,1.7203125,0.4815625,0.85785546875,2.07675,1.98423828125,2.435328125,0.760703125,1.3348671875,3.30416015625,0.0380000000000003,6.1844296875,-2.20678125,5.3568359375
3.4620625,-0.15983203125,-4.65502734375,-1.485359375,4.629640625,2.26778515625,2.07105859375,1.1018046875,5.741875,4.352203125,0.353367187499999,5.0899453125,-7.3454375,6.74519140625,4.99122265625,-0.5117578125,-1.371453125,2.7513125,1.1105625,1.70185546875,2.01575,2.70623828125,3.662328125,2.138703125,1.6418671875,3.23816015625,2.284,6.9684296875,-1.83878125,6.2048359375
3.8450625,0.20816796875,-3.89802734375,-1.373359375,4.452640625,1.19178515625,1.27905859375,0.426804687500001,5.216875,3.513203125,-0.1876328125,4.6759453125,0.3065625,7.02719140625,4.57522265625,-0.8387578125,-1.296453125,3.4283125,1.2545625,2.22285546875,1.48775,2.75923828125,4.177328125,3.026703125,1.5288671875,2.11716015625,4,6.6774296875,-2.08778125,6.2648359375
3.8190625,0.13716796875,-2.85402734375,-1.359359375,3.935640625,-0.30721484375,-0.0269414062500001,-0.2601953125,4.629875,2.374203125,-1.1226328125,3.7359453125,7.8755625,6.73819140625,3.87022265625,-1.7417578125,-1.892453125,3.6443125,0.953562499999999,2.22685546875,0.52275,2.24623828125,4.024328125,3.363703125,1.0008671875,-0.0938398437500001,5.051,5.6694296875,-2.79278125,5.2988359375
3.3150625,-0.36983203125,-1.89302734375,-1.505359375,3.115640625,-1.90021484375,-1.69994140625,-0.8001953125,4.250875,1.185203125,-2.2136328125,2.4069453125,13.0255625,6.02719140625,3.10022265625,-2.9897578125,-3.042453125,3.5073125,0.5025625,1.77885546875,-0.65325,1.45423828125,3.513328125,3.355703125,0.2518671875,-3.07883984375,5.571,4.4584296875,-3.60178125,3.3238359375
2.6120625,-1.04983203125,-1.28102734375,-1.549359375,2.261640625,-3.06921484375,-3.31694140625,-0.9201953125,4.346875,0.342203125,-3.0056328125,1.0989453125,14.4855625,5.27219140625,2.61022265625,-4.0707578125,-4.308453125,3.2423125,0.3535625,1.23585546875,-1.62725,0.62223828125,3.062328125,3.406703125,-0.3451328125,-6.13983984375,5.886,3.4274296875,-4.06178125,0.7358359375
2.2270625,-1.48683203125,-1.02202734375,-1.059359375,1.788640625,-3.26821484375,-4.25094140625,-0.2891953125,5.108875,0.260203125,-2.9906328125,0.3429453125,12.4615625,4.92219140625,2.75522265625,-4.3847578125,-5.018453125,3.0523125,0.9445625,1.11685546875,-1.91825,-0.18076171875,3.017328125,3.945703125,-0.3381328125,-8.35183984375,6.352,2.7034296875,-3.76578125,-1.7341640625
2.5760625,-1.32283203125,-0.89002734375,0.224640625,2.039640625,-2.20021484375,-3.95294140625,1.3048046875,6.549875,1.182203125,-1.8596328125,0.5509453125,8.2245625,5.27519140625,3.73322265625,-3.5327578125,-4.526453125,3.0163125,2.4635625,1.84485546875,-1.19025,-1.01176171875,3.488328125,5.185703125,0.5868671875,-8.94283984375,7.147,2.1984296875,-2.57178125,-3.3201640625
3.6780625,-0.46883203125,-0.61702734375,2.093640625,3.058640625,-0.0292148437500002,-2.25794140625,3.7468046875,8.396875,2.994203125,0.2883671875,1.8049453125,3.2645625,6.28619140625,5.42222265625,-1.5517578125,-2.584453125,3.0433125,4.6775625,3.46585546875,0.51675,-1.92376171875,4.259328125,6.924703125,2.3698671875,-7.70683984375,8.117,1.7134296875,-0.77478125,-3.6411640625
5.1210625,0.81916796875,-0.0610273437500002,3.848640625,4.477640625,2.60978515625,0.46805859375,6.5198046875,10.047875,5.147203125,2.8993671875,3.7849453125,-1.3374375,7.48819140625,7.31322265625,1.0272421875,0.395546875,2.8663125,6.8985625,5.51685546875,2.70675,-2.91376171875,4.804328125,8.513703125,4.4778671875,-5.17383984375,8.75,1.0104296875,0.91521875,-2.9701640625
6.2840625,2.05016796875,0.69897265625,4.604640625,5.623640625,4.81878515625,3.42105859375,8.8328046875,10.690875,6.783203125,5.1223671875,5.8539453125,-5.0004375,8.12019140625,8.61722265625,3.3442421875,3.396546875,2.1023125,8.1655625,7.12785546875,4.54675,-3.97976171875,4.431328125,9.040703125,6.0398671875,-2.43183984375,8.312,-0.1905703125,1.58921875,-2.1581640625
6.6260625,2.71716796875,1.36997265625,3.724640625,5.784640625,5.76578515625,5.59705859375,9.9038046875,9.599875,7.054203125,6.1003671875,7.2559453125,-7.4044375,7.42019140625,8.53522265625,4.5052421875,5.201546875,0.3883125,7.5835625,7.34585546875,5.17475,-5.22576171875,2.532328125,7.672703125,6.1618671875,-0.64283984375,6.114,-2.1965703125,0.47221875,-2.2571640625
5.9000625,2.53916796875,1.54197265625,1.172640625,4.548640625,5.00478515625,6.15505859375,9.2668046875,6.529875,5.495203125,5.2943671875,7.3549453125,-8.3354375,5.01219140625,6.60422265625,3.9362421875,4.965546875,-2.4196875,4.7235625,5.54785546875,4.07175,-6.81376171875,-1.118671875,4.048703125,4.3178671875,-0.51683984375,1.833,-5.2135703125,-2.74278125,-3.9781640625
4.2460625,1.57416796875,0.90797265625,-2.391359375,2.034640625,2.66578515625,4.78605859375,7.0158046875,1.993875,2.290203125,2.7413671875,5.8939453125,-7.8094375,1.19419140625,2.97822265625,1.6552421875,2.674546875,-6.0176875,-0.0794375,1.79785546875,1.36375,-8.73776171875,-6.119671875,-1.452296875,0.6768671875,-1.94383984375,-4.201,-9.0975703125,-7.66778125,-7.2551640625
2.1190625,0.18616796875,-0.50402734375,-5.844359375,-1.109359375,-0.56221484375,1.93805859375,3.8378046875,-2.781125,-1.724796875,-0.886632812500001,3.1769453125,-6.2634375,-3.06180859375,-1.53777734375,-1.6497578125,-0.765453125,-9.5996875,-5.7224375,-3.06414453125,-2.12225,-10.59776171875,-11.421671875,-7.720296875,-3.8361328125,-4.02583984375,-10.943,-13.1655703125,-13.19678125,-11.1661640625
0.0780625000000001,-1.13083203125,-2.24202734375,-8.078359375,-3.964359375,-3.71321484375,-1.34194140625,0.7928046875,-6.306125,-5.361796875,-4.4936328125,0.0269453125000001,-4.4494375,-6.47880859375,-5.74877734375,-4.8427578125,-3.906453125,-12.0986875,-10.7124375,-7.69514453125,-5.15025,-11.64476171875,-15.650671875,-13.271296875,-7.8331328125,-5.51183984375,-16.916,-16.3335703125,-17.80778125,-14.3031640625
-1.4469375,-1.96283203125,-3.60202734375,-8.502359375,-5.732359375,-5.93421484375,-3.88794140625,-1.0941953125,-7.476125,-7.575796875,-7.0006328125,-2.5030546875,-3.0134375,-8.06380859375,-8.56677734375,-6.8097578125,-5.441453125,-12.6836875,-13.7854375,-10.80314453125,-6.61325,-11.15376171875,-17.681671875,-16.824296875,-10.0441328125,-5.44183984375,-20.771,-17.5725703125,-20.14278125,-15.4481640625
-2.2479375,-2.14583203125,-3.98302734375,-7.293359375,-6.080359375,-6.80421484375,-4.94094140625,-1.2301953125,-6.084125,-7.900796875,-7.8046328125,-3.5880546875,-2.1214375,-7.59880859375,-9.46477734375,-6.9727578125,-4.839453125,-11.2116875,-14.4354375,-11.70614453125,-6.06825,-8.87276171875,-17.146671875,-17.823296875,-9.8911328125,-3.62983984375,-21.832,-16.4285703125,-19.57678125,-14.1471640625
-2.3109375,-1.81783203125,-3.22902734375,-5.277359375,-5.255359375,-6.43521484375,-4.45494140625,0.3268046875,-2.913125,-6.634796875,-7.0366328125,-3.0190546875,-1.4954375,-5.72280859375,-8.67877734375,-5.5577578125,-2.596453125,-8.3556875,-13.0694375,-10.60714453125,-3.96025,-5.24876171875,-14.596671875,-16.605296875,-7.7451328125,-0.75283984375,-20.324,-13.2655703125,-16.48278125,-10.8881640625
-1.7879375,-1.35683203125,-1.73702734375,-3.526359375,-3.943359375,-5.38221484375,-3.08394140625,2.8808046875,0.629875,-4.658796875,-5.4846328125,-1.3200546875,-0.8214375,-3.58480859375,-7.03677734375,-3.4897578125,0.0245468749999995,-5.2786875,-10.7184375,-8.43514453125,-1.42625,-1.28376171875,-11.194671875,-14.148296875,-4.7311328125,1.98216015625,-17.173,-9.0955703125,-12.01978125,-6.8121640625
-1.0139375,-1.20283203125,-0.27202734375,-2.853359375,-2.926359375,-4.37721484375,-1.86294140625,5.3608046875,3.156875,-2.980796875,-4.2036328125,0.4939453125,-0.1354375,-2.23680859375,-5.50377734375,-1.9227578125,1.657546875,-3.0666875,-8.4724375,-6.34814453125,0.25675,1.87623828125,-8.128671875,-11.547296875,-2.1701328125,3.39816015625,-13.498,-5.1075703125,-7.57678125,-3.1751640625
-0.4269375,-1.64283203125,0.43997265625,-3.434359375,-2.693359375,-4.00521484375,-1.67294140625,6.7688046875,3.905875,-2.231796875,-3.9816328125,1.4239453125,0.0795624999999998,-2.09680859375,-4.67777734375,-1.6417578125,1.555546875,-2.2126875,-6.9394375,-5.13614453125,0.29975,3.40323828125,-6.060671875,-9.481296875,-0.9411328125,2.84416015625,-10.087,-2.1765703125,-4.16078125,-0.837164062499999
-0.3759375,-2.65383203125,0.0879726562499998,-4.735359375,-3.207359375,-4.44021484375,-2.76894140625,6.6128046875,3.048875,-2.364796875,-4.9416328125,0.9939453125,-0.9014375,-2.78480859375,-4.52077734375,-2.6577578125,-0.0264531249999997,-2.4696875,-6.0314375,-4.86514453125,-1.21425,3.08023828125,-4.919671875,-7.979296875,-1.1021328125,0.41916015625,-7.133,-0.5905703125,-2.05678125,-0.0321640624999997
-0.9319375,-3.88383203125,-1.10702734375,-5.805359375,-3.938359375,-5.35921484375,-4.61994140625,5.1198046875,1.551875,-2.735796875,-6.4916328125,-0.5160546875,-3.6494375,-3.39080859375,-4.45177734375,-4.2267578125,-2.022453125,-3.1126875,-5.1554375,-4.94014453125,-3.41325,1.30523828125,-4.119671875,-6.554296875,-1.9791328125,-3.16883984375,-4.349,-0.1085703125,-0.90578125,-0.4351640625
-1.8339375,-4.77983203125,-2.55402734375,-5.794359375,-4.136359375,-6.10121484375,-6.18194140625,3.1188046875,0.653875,-2.476796875,-7.6376328125,-2.2390546875,-8.0844375,-3.01880859375,-3.71377734375,-5.2497578125,-3.177453125,-3.4196875,-3.6654375,-4.51114453125,-5.08125,-1.15576171875,-3.021671875,-4.603296875,-2.6051328125,-6.93283984375,-1.325,-0.2465703125,-0.0697812500000001,-1.4271640625
-2.5799375,-4.80883203125,-3.57202734375,-4.385359375,-3.215359375,-5.95021484375,-6.41294140625,1.6888046875,1.253875,-0.970796875,-7.4756328125,-3.1370546875,-13.0664375,-1.27980859375,-1.79477734375,-4.8287578125,-2.682453125,-3.0436875,-1.2764375,-2.95814453125,-5.20425,-3.49376171875,-1.335671875,-1.807296875,-2.2351328125,-9.94783984375,2.122,-0.5695703125,0.98321875,-2.3511640625
-2.6069375,-3.67883203125,-3.63902734375,-1.934359375,-1.058359375,-4.45421484375,-4.75594140625,1.7378046875,3.473875,1.832203125,-5.6026328125,-2.4650546875,-16.4884375,1.51319140625,1.32522265625,-2.6567578125,-0.481453125,-2.1046875,1.7715625,-0.184144531249999,-3.35025,-5.12876171875,0.756328125,1.686703125,-0.6351328125,-11.55483984375,5.814,-0.8505703125,2.48721875,-2.6821640625
-1.5539375,-1.49483203125,-2.56202734375,0.707640625,1.870640625,-1.66721484375,-1.41894140625,3.6128046875,6.599875,5.360203125,-2.3016328125,-0.0680546875,-16.1374375,4.51419140625,5.15622265625,0.8762421875,2.815546875,-1.0236875,4.8325625,3.35385546875,0.23475,-5.84376171875,2.738328125,5.321703125,1.9038671875,-11.48183984375,9.28,-1.0535703125,4.37921875,-2.1411640625
0.4790625,1.24416796875,-0.57202734375,2.548640625,4.674640625,1.78978515625,2.65605859375,6.8848046875,9.420875,8.646203125,1.5523671875,3.5619453125,-11.0464375,6.72619140625,8.87722265625,4.8732421875,6.240546875,-0.279687500000001,7.1175625,6.85585546875,4.75075,-5.77376171875,4.020328125,8.352703125,4.7418671875,-9.90883984375,11.932,-1.2605703125,6.38021875,-0.7831640625
2.8820625,3.80016796875,1.70897265625,2.854640625,6.363640625,4.91778515625,6.15205859375,10.4618046875,10.796875,10.704203125,4.8193671875,7.4719453125,-2.4244375,7.42219140625,11.61722265625,8.2762421875,8.815546875,-0.218687500000001,7.9825625,9.46885546875,9.11475,-5.27876171875,4.175328125,10.091703125,7.1308671875,-7.45283984375,13.233,-1.6055703125,8.07121875,0.9698359375
4.7810625,5.45916796875,3.49997265625,1.427640625,6.264640625,6.72578515625,7.91705859375,13.0438046875,10.177875,10.878203125,6.5073671875,10.5839453125,6.6305625,6.38819140625,12.71422265625,10.2272421875,9.837546875,-0.9876875,7.1205625,10.57185546875,12.28775,-4.76076171875,3.063328125,10.099703125,8.4398671875,-5.00783984375,12.824,-2.2435703125,8.97121875,2.4258359375
5.4230625,5.76916796875,4.18797265625,-1.393359375,4.246640625,6.61578515625,7.40805859375,13.6838046875,7.765875,9.022203125,6.0953671875,12.0569453125,12.5985625,3.90719140625,11.87222265625,10.3022421875,9.053546875,-2.5416875,4.6155625,9.91185546875,13.57275,-4.49676171875,0.825328125,8.270703125,8.3108671875,-3.44783984375,10.596,-3.3265703125,8.63321875,2.8518359375
4.4430625,4.64816796875,3.58097265625,-5.008359375,0.697640625,4.54678515625,4.77405859375,12.1328046875,4.274875,5.441203125,3.6173671875,11.5049453125,13.2285625,0.52519140625,9.17322265625,8.5492421875,6.698546875,-4.7026875,0.846562499999999,7.59085546875,12.76775,-4.55376171875,-2.206671875,4.808703125,6.7078671875,-3.29583984375,6.709,-4.9455703125,6.79021875,1.7588359375
1.9370625,2.35816796875,1.92397265625,-8.872359375,-3.694359375,0.96978515625,0.66105859375,8.8238046875,0.511875,0.723203125,-0.442632812500001,9.0659453125,8.4385625,-3.22780859375,4.99522265625,5.3752421875,3.407546875,-7.2156875,-3.6734375,3.95685546875,10.15575,-4.85276171875,-5.653671875,0.133703125,3.8678671875,-4.53383984375,1.532,-7.1105703125,3.46921875,-0.8861640625
-1.5759375,-0.61983203125,-0.25502734375,-12.604359375,-8.159359375,-3.35521484375,-4.05894140625,4.6478046875,-2.932125,-4.423796875,-5.3416328125,5.3309453125,0.0555624999999997,-6.97180859375,-0.0697773437499998,1.3852421875,0.0355468749999996,-9.8036875,-8.4214375,-0.505144531249999,6.37575,-5.33676171875,-9.202671875,-5.238296875,0.2148671875,-6.63383984375,-4.446,-9.7865703125,-0.98478125,-4.6481640625
-5.2829375,-3.71183203125,-2.37002734375,-15.867359375,-11.974359375,-7.52921484375,-8.46994140625,0.6748046875,-5.712125,-9.244796875,-10.2256328125,1.1829453125,-9.1954375,-10.42280859375,-5.27477734375,-2.7327578125,-2.604453125,-12.1976875,-12.8934375,-5.20814453125,2.24375,-6.06776171875,-12.624671875,-10.743296875,-3.7131328125,-8.79183984375,-10.697,-12.9485703125,-5.99778125,-8.7851640625
-8.3229375,-6.36383203125,-3.97802734375,-18.254359375,-14.526359375,-10.68021484375,-11.77494140625,-2.1161953125,-7.610125,-12.972796875,-14.2416328125,-2.4360546875,-16.8204375,-13.24580859375,-9.77477734375,-6.2947578125,-3.993453125,-14.1036875,-16.5754375,-9.47414453125,-1.41625,-7.11776171875,-15.675671875,-15.758296875,-7.3131328125,-10.23783984375,-16.658,-16.4985703125,-10.88478125,-12.5081640625
-10.0969375,-8.13783203125,-4.89402734375,-19.361359375,-15.394359375,-12.15221484375,-13.46794140625,-3.1091953125,-8.430125,-14.941796875,-16.6896328125,-4.7860546875,-21.2854375,-15.00480859375,-12.75877734375,-8.7247578125,-4.054453125,-15.1866875,-18.9594375,-12.59814453125,-3.94025,-8.35976171875,-17.995671875,-19.613296875,-9.9791328125,-10.48683984375,-21.712,-20.1085703125,-14.95578125,-15.1741640625
-10.4469375,-8.81083203125,-5.18402734375,-19.027359375,-14.479359375,-11.71121484375,-13.49894140625,-2.2931953125,-8.041125,-14.805796875,-17.2316328125,-5.5730546875,-22.1774375,-15.30680859375,-13.68577734375,-9.7157578125,-3.156453125,-15.1596875,-19.6744375,-14.04014453125,-4.98025,-9.40276171875,-19.159671875,-21.732296875,-11.2451328125,-9.48883984375,-25.252,-23.1545703125,-17.61778125,-16.4001640625
-9.6119375,-8.45383203125,-5.07902734375,-17.531359375,-12.125359375,-9.66921484375,-12.29194140625,-0.3301953125,-6.527125,-12.768796875,-16.0656328125,-5.0370546875,-19.9314375,-14.06280859375,-12.54877734375,-9.3727578125,-1.964453125,-13.9606875,-18.6944375,-13.66014453125,-4.61625,-9.78976171875,-18.888671875,-21.860296875,-10.9471328125,-7.64383984375,-26.845,-24.9075703125,-18.50578125,-16.1071640625
-8.0409375,-7.40583203125,-4.85602734375,-15.541359375,-9.070359375,-6.81721484375,-10.58994140625,1.6658046875,-4.280125,-9.603796875,-13.8956328125,-3.8160546875,-15.4454375,-11.64380859375,-9.93877734375,-8.1957578125,-1.201453125,-11.8896875,-16.4324375,-11.81814453125,-3.30425,-9.30376171875,-17.256671875,-20.200296875,-9.2941328125,-5.65183984375,-26.386,-24.8925703125,-17.57878125,-14.4811640625
-6.2119375,-6.10883203125,-4.76202734375,-13.815359375,-6.185359375,-4.10121484375,-9.13494140625,2.6068046875,-1.906125,-6.354796875,-11.6236328125,-2.5840546875,-9.7994375,-8.77180859375,-6.78677734375,-6.8287578125,-1.358453125,-9.5086875,-13.5864375,-9.19714453125,-1.64225,-8.09576171875,-14.676671875,-17.309296875,-6.7571328125,-4.18983984375,-24.099,-23.1365703125,-15.11878125,-11.8481640625
-4.4669375,-4.89783203125,-4.94402734375,-12.814359375,-4.106359375,-2.18621484375,-8.32394140625,1.9748046875,0.0328749999999998,-3.868796875,-9.9066328125,-1.6880546875,-4.0834375,-6.18280859375,-3.90677734375,-5.7057578125,-2.447453125,-7.3556875,-10.8024375,-6.45114453125,-0.06325,-6.53376171875,-11.671671875,-13.795296875,-3.8351328125,-3.59483984375,-20.393,-20.1225703125,-11.60078125,-8.5441640625
-2.9009375,-3.87283203125,-5.38102734375,-12.517359375,-2.993359375,-1.17121484375,-8.00194140625,0.120804687500001,1.265875,-2.437796875,-8.8566328125,-1.0050546875,0.8235625,-4.28780859375,-1.64277734375,-4.8507578125,-3.996453125,-5.6686875,-8.3804375,-3.92314453125,1.31775,-4.92676171875,-8.606671875,-10.059296875,-0.8741328125,-3.73983984375,-15.69,-16.4945703125,-7.53378125,-4.8571640625
-1.3959375,-2.94983203125,-5.87302734375,-12.575359375,-2.569359375,-0.64721484375,-7.59994140625,-1.9291953125,1.861875,-1.788796875,-8.1066328125,-0.1270546875,4.4635625,-3.06280859375,0.15222265625,-3.9667578125,-5.334453125,-4.3376875,-6.2244375,-1.61914453125,2.59575,-3.35976171875,-5.583671875,-6.261296875,1.9328671875,-4.22883984375,-10.366,-12.7395703125,-3.34978125,-1.0891640625
0.1770625,-2.02883203125,-6.13902734375,-12.659359375,-2.387359375,-0.07921484375,-6.56194140625,-3.0571953125,2.080875,-1.368796875,-7.1736328125,1.2479453125,6.7815625,-2.19080859375,1.83322265625,-2.7517578125,-6.008453125,-3.0986875,-4.0584375,0.58885546875,3.83375,-1.75976171875,-2.556671875,-2.467296875,4.4178671875,-4.72183984375,-4.802,-9.0565703125,0.62621875,2.3598359375
1.7540625,-1.14283203125,-5.98702734375,-12.692359375,-2.101359375,0.80878515625,-4.75894140625,-2.6661953125,2.205875,-0.689796875,-5.8406328125,3.0469453125,7.8115625,-1.29980859375,3.64022265625,-1.1537578125,-5.989453125,-1.7906875,-1.6774375,2.74985546875,4.90675,-0.0867617187499998,0.485328125,1.190703125,6.3588671875,-5.13683984375,0.574,-5.4605703125,4.16121875,5.0338359375
3.0850625,-0.47583203125,-5.42602734375,-12.781359375,-1.565359375,1.91978515625,-2.56594140625,-0.9151953125,2.466875,0.477203125,-4.2706328125,4.8529453125,7.3235625,-0.12780859375,5.56722265625,0.6052421875,-5.542453125,-0.4416875,0.918562499999999,4.76785546875,5.58575,1.52723828125,3.426328125,4.496703125,7.5438671875,-5.57383984375,5.342,-1.9945703125,7.10221875,6.5868359375
3.9410625,-0.24683203125,-4.66202734375,-12.977359375,-0.793359375,2.94678515625,-0.60394140625,1.4938046875,3.036875,2.096203125,-2.8416328125,6.1919453125,4.7955625,1.41719140625,7.43022265625,2.1952421875,-4.903453125,0.8133125,3.5605625,6.48385546875,5.75175,2.81223828125,6.062328125,7.254703125,7.9078671875,-6.08383984375,9.204,1.1334296875,9.36021875,6.9498359375
4.2630625,-0.55283203125,-4.01402734375,-13.157359375,0.109640625,3.60478515625,0.60805859375,3.7298046875,3.990875,3.945203125,-1.8806328125,6.8049453125,-0.1504375,3.25519140625,8.99622265625,3.3572421875,-4.124453125,1.8803125,5.9945625,7.76185546875,5.50075,3.55323828125,8.203328125,9.368703125,7.5758671875,-6.55083984375,12.03,3.6014296875,10.88221875,6.3488359375
4.1430625,-1.28483203125,-3.77402734375,-13.168359375,0.948640625,3.74678515625,0.85405859375,5.1678046875,5.187875,5.682203125,-1.5096328125,6.7319453125,-7.0444375,5.12719140625,10.05922265625,3.9622421875,-3.187453125,2.7403125,7.9305625,8.51685546875,5.06075,3.76923828125,9.726328125,10.823703125,6.7678671875,-6.77883984375,13.81,5.1384296875,11.62921875,5.1568359375
3.7110625,-2.15383203125,-4.04502734375,-13.051359375,1.438640625,3.34778515625,0.26005859375,5.5478046875,6.200875,6.900203125,-1.6546328125,6.2119453125,-14.1154375,6.62219140625,10.46522265625,3.9882421875,-2.215453125,3.3913125,9.0835625,8.69285546875,4.62075,3.74123828125,10.570328125,11.595703125,5.6698671875,-6.67483984375,14.562,5.6604296875,11.57121875,3.6998359375
3.0810625,-2.82183203125,-4.62902734375,-13.097359375,1.278640625,2.46078515625,-0.78894140625,4.9818046875,6.424875,7.233203125,-2.1226328125,5.5399453125,-18.6464375,7.27919140625,10.13722265625,3.4862421875,-1.500453125,3.7543125,9.2265625,8.27585546875,4.23975,3.84423828125,10.699328125,11.616703125,4.3908671875,-6.33183984375,14.274,5.2854296875,10.73921875,2.1818359375
2.3530625,-3.05783203125,-5.09902734375,-13.662359375,0.304640625,1.19578515625,-1.81694140625,3.8618046875,5.390875,6.503203125,-2.7046328125,4.9609453125,-18.2724375,6.77519140625,9.12322265625,2.5852421875,-1.319453125,3.6613125,8.2765625,7.32785546875,3.88575,4.28923828125,10.075328125,10.806703125,3.0068671875,-5.95583984375,12.934,4.2334296875,9.26821875,0.6978359375
1.6240625,-2.85083203125,-5.05702734375,-14.887359375,-1.379359375,-0.29221484375,-2.46894140625,2.6578046875,3.076875,4.810203125,-3.2466328125,4.6039453125,-12.5284375,5.08619140625,7.59722265625,1.4632421875,-1.742453125,2.9233125,6.3445625,5.99285546875,3.52575,4.93223828125,8.667328125,9.154703125,1.5918671875,-5.73983984375,10.568,2.6874296875,7.36421875,-0.7271640625
0.9900625,-2.40983203125,-4.38202734375,-16.548359375,-3.406359375,-1.82821484375,-2.63894140625,1.7328046875,-0.00312500000000027,2.507203125,-3.6976328125,4.4379453125,-3.4314375,2.52119140625,5.79722265625,0.2952421875,-2.612453125,1.4363125,3.7025625,4.43585546875,3.16375,5.28523828125,6.469328125,6.749703125,0.1938671875,-5.77683984375,7.26,0.6994296875,5.18621875,-2.1511640625
0.5580625,-2.05783203125,-3.27502734375,-18.142359375,-5.315359375,-3.26121484375,-2.47094140625,1.2448046875,-3.024125,0.0232031250000002,-4.1206328125,4.2869453125,5.5215625,-0.40580859375,3.90022265625,-0.8107578125,-3.656453125,-0.7546875,0.6965625,2.75685546875,2.82075,4.74623828125,3.522328125,3.745703125,-1.2011328125,-6.02783984375,3.147,-1.8135703125,2.72621875,-3.7181640625
0.393062500000001,-2.07583203125,-2.09102734375,-19.176359375,-6.784359375,-4.51621484375,-2.27994140625,1.1548046875,-5.258125,-2.335796875,-4.6776328125,3.9149453125,11.2585625,-3.20380859375,1.93322265625,-1.8417578125,-4.635453125,-3.4446875,-2.3754375,0.94985546875,2.48675,2.93723828125,-0.045671875,0.319703125,-2.6571328125,-6.35283984375,-1.582,-4.9585703125,-0.17878125,-5.6041640625
0.4080625,-2.59483203125,-1.16302734375,-19.476359375,-7.783359375,-5.64521484375,-2.47194140625,1.2588046875,-6.389125,-4.496796875,-5.5856328125,3.1449453125,12.5145625,-5.58780859375,-0.21277734375,-2.8667578125,-5.428453125,-6.3316875,-5.3314375,-1.07114453125,2.09675,-0.0517617187499997,-3.995671875,-3.367296875,-4.2301328125,-6.57083984375,-6.664,-8.6865703125,-3.68678125,-7.9011640625
0.3290625,-3.57083203125,-0.73602734375,-19.326359375,-8.550359375,-6.79821484375,-3.43294140625,1.2738046875,-6.555125,-6.564796875,-7.0476328125,1.9689453125,9.8225625,-7.50780859375,-2.65777734375,-3.9847578125,-6.018453125,-9.0896875,-8.1014375,-3.37314453125,1.56975,-3.64476171875,-7.981671875,-7.141296875,-5.8781328125,-6.51283984375,-11.738,-12.6785703125,-7.72178125,-10.4971640625
-0.1799375,-4.82983203125,-0.98302734375,-19.322359375,-9.405359375,-8.13521484375,-5.37094140625,0.9618046875,-6.105125,-8.659796875,-9.1486328125,0.5599453125,4.4945625,-9.04680859375,-5.37977734375,-5.2577578125,-6.424453125,-11.4356875,-10.6564375,-5.90014453125,0.89475,-7.00776171875,-11.609671875,-10.767296875,-7.4161328125,-6.02983984375,-16.347,-16.3555703125,-11.83578125,-13.0261640625
-1.3029375,-6.14483203125,-1.99902734375,-20.040359375,-10.530359375,-9.71921484375,-8.18794140625,0.2478046875,-5.332125,-10.770796875,-11.7806328125,-0.8110546875,-2.3064375,-10.27180859375,-8.14477734375,-6.6687578125,-6.636453125,-13.1806875,-12.9244375,-8.42914453125,0.19275,-9.39976171875,-14.507671875,-13.935296875,-8.5501328125,-5.01483984375,-20.002,-19.0665703125,-15.29078125,-14.9451640625
-2.9279375,-7.29083203125,-3.74002734375,-21.683359375,-11.863359375,-11.45821484375,-11.45994140625,-0.7461953125,-4.384125,-12.714796875,-14.6296328125,-1.9050546875,-9.6994375,-11.16180859375,-10.56077734375,-8.0967578125,-6.600453125,-14.2346875,-14.7604375,-10.61114453125,-0.32825,-10.44076171875,-16.400671875,-16.298296875,-9.0071328125,-3.49283984375,-22.32,-20.3405703125,-17.36778125,-15.7671640625
-4.6089375,-8.10183203125,-5.90602734375,-23.876359375,-13.133359375,-13.10621484375,-14.49894140625,-1.7371953125,-3.379125,-14.209796875,-17.2366328125,-2.5900546875,-16.5744375,-11.62880859375,-12.24077734375,-9.3377578125,-6.253453125,-14.5586875,-15.9854375,-12.08214453125,-0.51225,-10.14776171875,-17.133671875,-17.580296875,-8.6961328125,-1.77483984375,-23.15,-20.0675703125,-17.70478125,-15.3281640625
-5.5919375,-8.50183203125,-7.87402734375,-25.707359375,-14.015359375,-14.29821484375,-16.44194140625,-2.3431953125,-2.578125,-15.001796875,-19.1106328125,-2.8360546875,-21.2224375,-11.58380859375,-12.94877734375,-10.1457578125,-5.541453125,-14.1136875,-16.4404375,-12.58414453125,-0.40125,-8.77376171875,-16.669671875,-17.669296875,-7.7911328125,-0.54783984375,-22.63,-18.4825703125,-16.46278125,-13.9431640625
-4.9689375,-8.53483203125,-8.82202734375,-26.034359375,-14.289359375,-14.63921484375,-16.42594140625,-2.1821953125,-2.390125,-14.976796875,-19.8596328125,-2.6660546875,-21.7014375,-11.00380859375,-12.67677734375,-10.3217578125,-4.402453125,-12.8506875,-16.0604375,-12.04814453125,-0.25625,-6.60176171875,-15.075671875,-16.667296875,-6.6771328125,-0.73083984375,-21.122,-16.0125703125,-14.22078125,-12.3031640625
-2.0439375,-8.33783203125,-8.07802734375,-24.010359375,-13.929359375,-13.87221484375,-13.90394140625,-1.0141953125,-3.187125,-14.192796875,-19.3346328125,-2.1330546875,-16.8034375,-9.95880859375,-11.61577734375,-9.7997578125,-2.768453125,-10.7776875,-14.9094375,-10.60014453125,-0.41925,-3.85576171875,-12.519671875,-14.834296875,-5.7691328125,-3.07283984375,-19.065,-13.0835703125,-11.65078125,-11.1381640625
3.2150625,-8.06383203125,-5.53602734375,-19.568359375,-13.078359375,-12.04421484375,-8.99994140625,1.1118046875,-5.032125,-12.846796875,-17.7076328125,-1.3230546875,-6.8944375,-8.58280859375,-10.05277734375,-8.6867578125,-0.641453125,-8.0246875,-13.1734375,-8.50814453125,-1.07925,-0.71876171875,-9.263671875,-12.485296875,-5.2841328125,-7.65783984375,-16.799,-9.9885703125,-9.20478125,-10.8171640625
9.9550625,-7.79683203125,-1.84102734375,-13.582359375,-11.963359375,-9.56121484375,-2.64794140625,3.8188046875,-7.539125,-11.205796875,-15.4516328125,-0.3680546875,5.9635625,-7.02680859375,-8.26377734375,-7.2397578125,1.813546875,-4.8706875,-11.1164375,-6.09514453125,-2.11525,2.62123828125,-5.628671875,-9.898296875,-5.1301328125,-13.67583984375,-14.487,-6.8645703125,-6.96778125,-11.1371640625
9.9550625,-7.79683203125,-1.84102734375,-13.582359375,-11.963359375,-9.56121484375,-2.64794140625,3.8188046875,-7.539125,-11.205796875,-15.4516328125,-0.3680546875,5.9635625,-7.02680859375,-8.26377734375,-7.2397578125,1.813546875,-4.8706875,-11.1164375,-6.09514453125,-2.11525,2.62123828125,-5.628671875,-9.898296875,-5.1301328125,-13.67583984375,-14.487,-6.8645703125,-6.96778125,-11.1371640625
